tempo_de_preparo,dificuldade,quant_ingredientes,quant_passos_preparo
30,Dificuldade baixa,5,16
45,Dificuldade baixa,9,11
45,Dificuldade baixa,11,21
15,Dificuldade baixa,9,11
10,Dificuldade baixa,5,21
90,Dificuldade baixa,5,25
30,Dificuldade baixa,4,13
30,Dificuldade baixa,9,13
30,Dificuldade baixa,8,17
30,Dificuldade baixa,12,17
45,Dificuldade baixa,8,21
240,Dificuldade baixa,12,25
30,Dificuldade baixa,12,27
150,Dificuldade baixa,8,18
1440,Dificuldade baixa,5,14
15,Dificuldade baixa,7,9
15,Dificuldade baixa,6,9
45,Dificuldade baixa,11,11
45,Dificuldade baixa,10,22
30,Dificuldade baixa,11,11
30,Dificuldade baixa,5,11
45,Dificuldade baixa,9,13
15,Dificuldade baixa,5,12
45,Dificuldade baixa,11,18
30,Dificuldade baixa,11,14
30,Dificuldade baixa,16,20
45,Dificuldade baixa,14,22
90,Dificuldade baixa,6,16
45,Dificuldade baixa,8,11
30,Dificuldade baixa,10,14
45,Dificuldade baixa,4,13
45,Dificuldade baixa,11,12
90,Dificuldade baixa,7,13
90,Dificuldade baixa,12,21
45,Dificuldade baixa,7,11
90,Dificuldade baixa,10,12
30,Dificuldade baixa,9,12
10,Dificuldade baixa,8,10
180,Dificuldade baixa,7,22
15,Dificuldade baixa,10,12
30,Dificuldade baixa,9,10
45,Dificuldade baixa,8,16
45,Dificuldade baixa,6,15
45,Dificuldade baixa,10,15
30,Dificuldade baixa,12,12
15,Dificuldade baixa,8,10
30,Dificuldade baixa,12,12
45,Dificuldade baixa,9,15
240,Dificuldade baixa,12,23
30,Dificuldade baixa,12,18
180,Dificuldade baixa,8,18
30,Dificuldade baixa,7,10
10,Dificuldade baixa,5,12
45,Dificuldade baixa,6,13
30,Dificuldade baixa,10,14
10,Dificuldade baixa,5,13
30,Dificuldade baixa,7,7
45,Dificuldade baixa,7,15
30,Dificuldade baixa,11,10
30,Dificuldade baixa,16,24
180,Dificuldade baixa,6,23
30,Dificuldade baixa,7,19
45,Dificuldade baixa,7,14
180,Dificuldade baixa,5,28
10,Dificuldade baixa,7,12
30,Dificuldade baixa,10,15
45,Dificuldade baixa,12,16
45,Dificuldade baixa,5,14
90,Dificuldade baixa,6,22
45,Dificuldade baixa,10,12
45,Dificuldade baixa,10,16
90,Dificuldade baixa,11,16
45,Dificuldade baixa,11,13
45,Dificuldade baixa,7,13
30,Dificuldade baixa,7,17
30,Dificuldade baixa,5,20
30,Dificuldade baixa,13,13
45,Dificuldade baixa,10,12
45,Dificuldade baixa,10,20
10,Dificuldade baixa,10,10
30,Dificuldade baixa,9,15
10,Dificuldade baixa,7,12
45,Dificuldade baixa,6,20
45,Dificuldade baixa,10,17
30,Dificuldade baixa,9,10
30,Dificuldade baixa,4,16
45,Dificuldade baixa,5,24
360,Dificuldade baixa,3,14
15,Dificuldade baixa,10,16
15,Dificuldade baixa,8,13
15,Dificuldade baixa,8,13
150,Dificuldade baixa,9,25
45,Dificuldade baixa,8,16
45,Dificuldade baixa,15,32
30,Dificuldade baixa,11,18
360,Dificuldade baixa,5,29
90,Dificuldade baixa,14,19
45,Dificuldade baixa,16,13
90,Dificuldade baixa,10,18
45,Dificuldade baixa,10,16
30,Dificuldade baixa,8,18
15,Dificuldade baixa,7,10
90,Dificuldade baixa,10,16
10,Dificuldade baixa,6,15
45,Dificuldade baixa,14,11
45,Dificuldade baixa,8,19
30,Dificuldade baixa,9,9
15,Dificuldade baixa,9,11
45,Dificuldade baixa,10,11
45,Dificuldade baixa,10,22
45,Dificuldade baixa,8,13
30,Dificuldade baixa,12,12
30,Dificuldade baixa,10,7
30,Dificuldade baixa,9,13
30,Dificuldade baixa,6,18
90,Dificuldade baixa,9,16
45,Dificuldade baixa,8,14
90,Dificuldade baixa,8,11
15,Dificuldade baixa,12,14
45,Dificuldade baixa,14,13
30,Dificuldade baixa,8,13
10,Dificuldade baixa,10,12
10,Dificuldade baixa,4,10
90,Dificuldade baixa,7,11
30,Dificuldade baixa,10,15
30,Dificuldade baixa,8,23
10,Dificuldade baixa,8,23
90,Dificuldade baixa,7,20
45,Dificuldade baixa,11,17
15,Dificuldade baixa,12,10
30,Dificuldade baixa,8,10
90,Dificuldade baixa,10,18
45,Dificuldade baixa,4,14
10,Dificuldade baixa,6,11
45,Dificuldade baixa,4,24
1440,Dificuldade baixa,5,33
30,Dificuldade baixa,12,12
45,Dificuldade baixa,13,16
30,Dificuldade baixa,8,19
30,Dificuldade baixa,10,16
45,Dificuldade baixa,11,16
30,Dificuldade baixa,15,20
45,Dificuldade baixa,9,12
30,Dificuldade baixa,16,9
90,Dificuldade baixa,4,8
45,Dificuldade baixa,9,11
30,Dificuldade baixa,7,9
45,Dificuldade baixa,8,14
45,Dificuldade baixa,11,17
15,Dificuldade baixa,8,11
15,Dificuldade baixa,5,9
45,Dificuldade baixa,11,21
150,Dificuldade baixa,6,16
150,Dificuldade baixa,13,25
45,Dificuldade baixa,8,16
90,Dificuldade baixa,7,12
45,Dificuldade baixa,7,18
45,Dificuldade baixa,9,17
45,Dificuldade baixa,10,28
45,Dificuldade baixa,8,10
30,Dificuldade baixa,9,18
30,Dificuldade baixa,13,17
15,Dificuldade baixa,7,14
90,Dificuldade baixa,6,24
30,Dificuldade baixa,8,21
45,Dificuldade baixa,5,17
45,Dificuldade baixa,12,16
30,Dificuldade baixa,3,11
15,Dificuldade baixa,9,14
30,Dificuldade baixa,9,13
90,Dificuldade baixa,12,23
240,Dificuldade baixa,7,21
45,Dificuldade baixa,17,24
90,Dificuldade baixa,3,13
30,Dificuldade baixa,8,19
45,Dificuldade baixa,11,17
15,Dificuldade baixa,8,15
45,Dificuldade baixa,12,20
90,Dificuldade baixa,10,20
45,Dificuldade baixa,6,21
45,Dificuldade baixa,13,19
30,Dificuldade baixa,13,14
45,Dificuldade baixa,15,11
1440,Dificuldade baixa,6,14
45,Dificuldade baixa,11,18
90,Dificuldade baixa,9,19
30,Dificuldade baixa,5,20
30,Dificuldade baixa,9,13
15,Dificuldade baixa,14,14
15,Dificuldade baixa,7,14
180,Dificuldade baixa,9,17
30,Dificuldade baixa,13,27
45,Dificuldade baixa,11,15
30,Dificuldade baixa,10,13
45,Dificuldade baixa,10,17
45,Dificuldade baixa,6,14
30,Dificuldade baixa,10,15
15,Dificuldade baixa,8,15
45,Dificuldade baixa,8,31
30,Dificuldade baixa,8,15
15,Dificuldade baixa,8,11
30,Dificuldade baixa,9,17
15,Dificuldade baixa,7,10
10,Dificuldade baixa,8,9
30,Dificuldade baixa,6,12
15,Dificuldade baixa,7,9
45,Dificuldade baixa,7,14
90,Dificuldade baixa,12,17
30,Dificuldade baixa,10,16
30,Dificuldade baixa,9,16
30,Dificuldade baixa,6,14
90,Dificuldade baixa,5,10
30,Dificuldade baixa,13,12
45,Dificuldade baixa,10,13
90,Dificuldade baixa,10,12
90,Dificuldade baixa,11,16
45,Dificuldade baixa,8,13
30,Dificuldade baixa,10,17
30,Dificuldade baixa,8,15
15,Dificuldade baixa,5,16
45,Dificuldade baixa,10,18
10,Dificuldade baixa,2,15
30,Dificuldade baixa,8,14
30,Dificuldade baixa,5,11
15,Dificuldade baixa,11,14
15,Dificuldade baixa,8,10
15,Dificuldade baixa,9,9
15,Dificuldade baixa,5,11
90,Dificuldade baixa,10,16
180,Dificuldade baixa,8,17
45,Dificuldade baixa,7,23
90,Dificuldade baixa,13,30
90,Dificuldade baixa,6,16
240,Dificuldade baixa,8,12
45,Dificuldade baixa,11,18
45,Dificuldade baixa,7,16
30,Dificuldade baixa,4,9
90,Dificuldade baixa,13,20
30,Dificuldade baixa,7,11
30,Dificuldade baixa,8,12
10,Dificuldade baixa,6,11
45,Dificuldade baixa,12,26
15,Dificuldade baixa,5,18
30,Dificuldade baixa,13,21
45,Dificuldade baixa,16,19
15,Dificuldade baixa,12,19
150,Dificuldade baixa,14,36
45,Dificuldade baixa,8,22
10,Dificuldade baixa,6,18
90,Dificuldade baixa,14,21
10,Dificuldade baixa,3,13
90,Dificuldade baixa,7,14
10,Dificuldade baixa,3,14
15,Dificuldade baixa,6,12
90,Dificuldade baixa,8,16
45,Dificuldade baixa,9,19
360,Dificuldade baixa,6,18
10,Dificuldade baixa,4,10
10,Dificuldade baixa,6,11
150,Dificuldade baixa,11,13
45,Dificuldade baixa,8,9
30,Dificuldade baixa,12,15
240,Dificuldade baixa,8,20
30,Dificuldade baixa,6,12
10,Dificuldade baixa,3,14
10,Dificuldade baixa,8,14
150,Dificuldade baixa,6,9
150,Dificuldade baixa,7,11
150,Dificuldade baixa,8,12
90,Dificuldade baixa,10,15
10,Dificuldade baixa,5,16
30,Dificuldade baixa,11,24
15,Dificuldade baixa,7,10
30,Dificuldade baixa,9,10
45,Dificuldade baixa,11,16
10,Dificuldade baixa,4,11
30,Dificuldade baixa,9,17
30,Dificuldade baixa,7,11
15,Dificuldade baixa,8,13
30,Dificuldade baixa,9,9
90,Dificuldade baixa,10,14
15,Dificuldade baixa,4,11
10,Dificuldade baixa,6,9
10,Dificuldade baixa,6,8
15,Dificuldade baixa,5,8
150,Dificuldade baixa,12,18
90,Dificuldade baixa,14,18
15,Dificuldade baixa,9,11
90,Dificuldade baixa,9,11
30,Dificuldade baixa,6,16
10,Dificuldade baixa,8,9
10,Dificuldade baixa,7,9
30,Dificuldade baixa,8,12
15,Dificuldade baixa,7,14
30,Dificuldade baixa,12,12
10,Dificuldade baixa,6,11
30,Dificuldade baixa,11,14
45,Dificuldade baixa,10,17
45,Dificuldade baixa,7,11
30,Dificuldade baixa,5,11
45,Dificuldade baixa,8,11
10,Dificuldade baixa,5,9
15,Dificuldade baixa,10,10
15,Dificuldade baixa,10,12
10,Dificuldade baixa,5,11
90,Dificuldade baixa,8,11
15,Dificuldade baixa,7,10
30,Dificuldade baixa,10,11
150,Dificuldade baixa,7,10
10,Dificuldade baixa,5,9
15,Dificuldade baixa,9,9
30,Dificuldade baixa,8,14
30,Dificuldade baixa,5,17
30,Dificuldade baixa,10,11
90,Dificuldade baixa,9,12
45,Dificuldade baixa,7,9
10,Dificuldade baixa,5,9
10,Dificuldade baixa,2,14
10,Dificuldade baixa,2,13
45,Dificuldade baixa,8,21
90,Dificuldade baixa,5,13
150,Dificuldade baixa,10,23
1440,Dificuldade baixa,8,15
30,Dificuldade baixa,6,10
15,Dificuldade baixa,11,13
45,Dificuldade baixa,8,13
45,Dificuldade baixa,7,11
45,Dificuldade baixa,18,13
45,Dificuldade baixa,15,13
90,Dificuldade baixa,9,16
10,Dificuldade baixa,6,10
10,Dificuldade baixa,7,11
30,Dificuldade baixa,11,12
10,Dificuldade baixa,10,13
30,Dificuldade baixa,11,16
30,Dificuldade baixa,8,10
30,Dificuldade baixa,7,15
15,Dificuldade baixa,7,13
90,Dificuldade baixa,9,13
45,Dificuldade baixa,12,17
10,Dificuldade baixa,7,12
10,Dificuldade baixa,8,13
90,Dificuldade baixa,9,10
90,Dificuldade baixa,6,12
45,Dificuldade baixa,8,17
90,Dificuldade baixa,9,11
45,Dificuldade baixa,9,15
45,Dificuldade baixa,10,19
30,Dificuldade baixa,6,10
90,Dificuldade baixa,10,14
150,Dificuldade baixa,4,17
30,Dificuldade baixa,11,13
30,Dificuldade baixa,8,12
30,Dificuldade baixa,7,16
30,Dificuldade baixa,9,10
45,Dificuldade baixa,8,12
30,Dificuldade baixa,9,10
45,Dificuldade baixa,8,12
90,Dificuldade baixa,9,24
90,Dificuldade baixa,9,11
45,Dificuldade baixa,14,28
30,Dificuldade baixa,11,10
15,Dificuldade baixa,5,13
30,Dificuldade baixa,8,10
480,Dificuldade baixa,11,11
150,Dificuldade baixa,8,20
30,Dificuldade baixa,8,10
15,Dificuldade baixa,7,11
10,Dificuldade baixa,6,17
30,Dificuldade baixa,10,14
30,Dificuldade baixa,7,16
45,Dificuldade baixa,9,12
45,Dificuldade baixa,8,22
10,Dificuldade baixa,5,11
10,Dificuldade baixa,5,10
45,Dificuldade baixa,13,24
45,Dificuldade baixa,14,17
45,Dificuldade baixa,12,16
30,Dificuldade baixa,9,17
1440,Dificuldade baixa,13,23
150,Dificuldade baixa,10,16
45,Dificuldade baixa,15,15
150,Dificuldade baixa,19,26
15,Dificuldade baixa,17,21
240,Dificuldade baixa,17,16
45,Dificuldade baixa,10,30
90,Dificuldade baixa,10,17
30,Dificuldade baixa,10,20
15,Dificuldade baixa,12,25
10,Dificuldade baixa,5,13
15,Dificuldade baixa,8,9
30,Dificuldade baixa,8,17
45,Dificuldade baixa,7,22
15,Dificuldade baixa,14,21
10,Dificuldade baixa,9,16
30,Dificuldade baixa,9,14
45,Dificuldade baixa,10,12
90,Dificuldade baixa,10,18
90,Dificuldade baixa,9,15
90,Dificuldade baixa,14,8
45,Dificuldade baixa,13,15
45,Dificuldade baixa,8,15
45,Dificuldade baixa,13,16
45,Dificuldade baixa,13,21
10,Dificuldade baixa,9,11
30,Dificuldade baixa,15,16
90,Dificuldade baixa,7,10
90,Dificuldade baixa,12,12
15,Dificuldade baixa,13,12
30,Dificuldade baixa,9,15
45,Dificuldade baixa,12,13
45,Dificuldade baixa,11,19
90,Dificuldade baixa,13,16
45,Dificuldade baixa,9,15
30,Dificuldade baixa,5,11
90,Dificuldade baixa,12,11
90,Dificuldade baixa,8,15
30,Dificuldade baixa,13,11
30,Dificuldade baixa,16,14
90,Dificuldade baixa,12,20
90,Dificuldade baixa,7,11
30,Dificuldade baixa,8,14
30,Dificuldade baixa,6,6
30,Dificuldade baixa,6,15
15,Dificuldade baixa,10,9
10,Dificuldade baixa,7,7
90,Dificuldade baixa,10,17
45,Dificuldade baixa,13,16
240,Dificuldade baixa,12,14
10,Dificuldade baixa,12,11
30,Dificuldade baixa,5,18
15,Dificuldade baixa,5,10
90,Dificuldade baixa,5,9
30,Dificuldade baixa,8,12
15,Dificuldade baixa,6,11
150,Dificuldade baixa,8,12
90,Dificuldade baixa,19,15
45,Dificuldade baixa,9,21
30,Dificuldade baixa,7,12
15,Dificuldade baixa,7,15
90,Dificuldade baixa,6,23
30,Dificuldade baixa,5,12
90,Dificuldade baixa,12,16
15,Dificuldade baixa,7,9
15,Dificuldade baixa,11,9
90,Dificuldade baixa,10,25
45,Dificuldade baixa,10,18
15,Dificuldade baixa,8,11
30,Dificuldade baixa,11,9
30,Dificuldade baixa,7,9
45,Dificuldade baixa,12,11
45,Dificuldade baixa,9,20
30,Dificuldade baixa,8,21
45,Dificuldade baixa,13,11
45,Dificuldade baixa,11,16
30,Dificuldade baixa,9,18
30,Dificuldade baixa,14,19
30,Dificuldade baixa,9,16
30,Dificuldade baixa,7,13
90,Dificuldade baixa,5,14
90,Dificuldade baixa,10,12
30,Dificuldade baixa,8,26
15,Dificuldade baixa,7,13
30,Dificuldade baixa,7,11
10,Dificuldade baixa,5,11
45,Dificuldade baixa,11,21
10,Dificuldade baixa,3,13
10,Dificuldade baixa,6,13
30,Dificuldade baixa,10,12
90,Dificuldade baixa,10,15
30,Dificuldade baixa,5,11
30,Dificuldade baixa,8,20
30,Dificuldade baixa,6,19
15,Dificuldade baixa,10,16
90,Dificuldade baixa,10,19
30,Dificuldade baixa,11,15
90,Dificuldade baixa,13,26
45,Dificuldade baixa,12,12
90,Dificuldade baixa,10,20
45,Dificuldade baixa,9,21
30,Dificuldade baixa,4,15
30,Dificuldade baixa,9,19
15,Dificuldade baixa,6,12
90,Dificuldade baixa,24,16
15,Dificuldade baixa,6,19
45,Dificuldade baixa,9,11
45,Dificuldade baixa,10,13
15,Dificuldade baixa,7,14
45,Dificuldade baixa,10,13
30,Dificuldade baixa,12,17
30,Dificuldade baixa,7,11
15,Dificuldade baixa,8,12
30,Dificuldade baixa,10,15
45,Dificuldade baixa,9,16
30,Dificuldade baixa,8,11
90,Dificuldade baixa,10,13
90,Dificuldade baixa,9,11
30,Dificuldade baixa,6,13
15,Dificuldade baixa,6,22
45,Dificuldade baixa,6,14
15,Dificuldade baixa,6,10
240,Dificuldade baixa,11,18
240,Dificuldade baixa,12,13
240,Dificuldade baixa,14,20
90,Dificuldade baixa,9,16
45,Dificuldade baixa,12,14
45,Dificuldade baixa,9,13
30,Dificuldade baixa,8,11
90,Dificuldade baixa,11,9
45,Dificuldade baixa,11,21
10,Dificuldade baixa,3,13
10,Dificuldade baixa,7,13
10,Dificuldade baixa,7,9
90,Dificuldade baixa,7,10
10,Dificuldade baixa,6,12
10,Dificuldade baixa,3,10
45,Dificuldade baixa,9,14
30,Dificuldade baixa,8,14
150,Dificuldade baixa,10,19
150,Dificuldade baixa,11,16
30,Dificuldade baixa,9,11
30,Dificuldade baixa,10,17
45,Dificuldade baixa,10,10
10,Dificuldade baixa,6,16
45,Dificuldade baixa,9,12
240,Dificuldade baixa,13,12
30,Dificuldade baixa,8,14
90,Dificuldade baixa,9,20
30,Dificuldade baixa,8,9
15,Dificuldade baixa,7,10
15,Dificuldade baixa,8,16
30,Dificuldade baixa,8,14
45,Dificuldade baixa,12,16
30,Dificuldade baixa,9,10
45,Dificuldade baixa,13,11
10,Dificuldade baixa,5,11
30,Dificuldade baixa,16,19
30,Dificuldade baixa,11,17
30,Dificuldade baixa,9,12
45,Dificuldade baixa,11,11
150,Dificuldade baixa,7,13
45,Dificuldade baixa,9,13
150,Dificuldade baixa,12,16
90,Dificuldade baixa,7,11
15,Dificuldade baixa,9,10
30,Dificuldade baixa,8,10
15,Dificuldade baixa,7,10
15,Dificuldade baixa,6,11
10,Dificuldade baixa,6,7
10,Dificuldade baixa,5,14
1440,Dificuldade baixa,8,18
30,Dificuldade baixa,9,18
45,Dificuldade baixa,17,24
30,Dificuldade baixa,16,18
15,Dificuldade baixa,13,13
30,Dificuldade baixa,9,10
30,Dificuldade baixa,10,13
45,Dificuldade baixa,8,14
10,Dificuldade baixa,5,10
360,Dificuldade baixa,15,16
150,Dificuldade baixa,12,13
45,Dificuldade baixa,6,15
15,Dificuldade baixa,8,10
15,Dificuldade baixa,5,13
45,Dificuldade baixa,10,14
30,Dificuldade baixa,8,13
240,Dificuldade baixa,7,17
90,Dificuldade baixa,8,22
30,Dificuldade baixa,14,17
30,Dificuldade baixa,9,14
90,Dificuldade baixa,13,19
15,Dificuldade baixa,12,18
45,Dificuldade baixa,5,21
240,Dificuldade baixa,6,11
15,Dificuldade baixa,8,15
15,Dificuldade baixa,7,10
15,Dificuldade baixa,5,15
30,Dificuldade baixa,6,21
30,Dificuldade baixa,10,13
90,Dificuldade baixa,12,16
45,Dificuldade baixa,9,17
30,Dificuldade baixa,14,14
30,Dificuldade baixa,9,18
30,Dificuldade baixa,7,12
10,Dificuldade baixa,6,12
30,Dificuldade baixa,6,14
30,Dificuldade baixa,14,13
15,Dificuldade baixa,6,19
30,Dificuldade baixa,8,16
45,Dificuldade baixa,6,14
30,Dificuldade baixa,8,11
45,Dificuldade baixa,11,16
90,Dificuldade baixa,8,16
150,Dificuldade baixa,6,13
15,Dificuldade baixa,7,15
30,Dificuldade baixa,5,16
90,Dificuldade baixa,4,25
90,Dificuldade baixa,18,21
45,Dificuldade baixa,12,19
15,Dificuldade baixa,4,15
15,Dificuldade baixa,8,9
30,Dificuldade baixa,11,17
30,Dificuldade baixa,6,17
10,Dificuldade baixa,7,13
45,Dificuldade baixa,10,15
45,Dificuldade baixa,7,12
45,Dificuldade baixa,5,14
15,Dificuldade baixa,5,10
10,Dificuldade baixa,9,11
10,Dificuldade baixa,11,10
1440,Dificuldade baixa,12,21
45,Dificuldade baixa,11,15
45,Dificuldade baixa,14,14
45,Dificuldade baixa,12,11
30,Dificuldade baixa,5,11
15,Dificuldade baixa,6,16
30,Dificuldade baixa,13,13
240,Dificuldade baixa,11,21
30,Dificuldade baixa,18,19
45,Dificuldade baixa,13,20
30,Dificuldade baixa,7,18
360,Dificuldade baixa,11,24
15,Dificuldade baixa,11,19
15,Dificuldade baixa,10,22
30,Dificuldade baixa,7,24
30,Dificuldade baixa,7,10
30,Dificuldade baixa,12,19
10,Dificuldade baixa,6,8
30,Dificuldade baixa,8,15
30,Dificuldade baixa,13,16
10,Dificuldade baixa,5,11
15,Dificuldade baixa,10,18
30,Dificuldade baixa,7,12
90,Dificuldade baixa,11,19
30,Dificuldade baixa,7,17
30,Dificuldade baixa,7,10
15,Dificuldade baixa,7,10
15,Dificuldade baixa,15,12
15,Dificuldade baixa,6,12
30,Dificuldade baixa,18,23
45,Dificuldade baixa,10,17
10,Dificuldade baixa,4,11
30,Dificuldade baixa,14,15
15,Dificuldade baixa,11,13
45,Dificuldade baixa,11,16
10,Dificuldade baixa,11,12
10,Dificuldade baixa,10,10
30,Dificuldade baixa,12,12
45,Dificuldade baixa,11,14
15,Dificuldade baixa,4,21
15,Dificuldade baixa,8,14
15,Dificuldade baixa,5,9
15,Dificuldade baixa,5,11
45,Dificuldade baixa,11,16
45,Dificuldade baixa,11,16
45,Dificuldade baixa,11,19
30,Dificuldade baixa,5,18
15,Dificuldade baixa,7,10
30,Dificuldade baixa,10,13
45,Dificuldade baixa,16,14
15,Dificuldade baixa,8,12
90,Dificuldade baixa,10,15
90,Dificuldade baixa,11,22
45,Dificuldade baixa,10,13
30,Dificuldade baixa,5,17
45,Dificuldade baixa,12,17
45,Dificuldade baixa,7,10
45,Dificuldade baixa,6,15
45,Dificuldade baixa,14,11
15,Dificuldade baixa,6,12
45,Dificuldade baixa,14,19
15,Dificuldade baixa,10,22
15,Dificuldade baixa,6,10
10,Dificuldade baixa,7,18
30,Dificuldade baixa,5,14
15,Dificuldade baixa,5,13
90,Dificuldade baixa,10,11
45,Dificuldade baixa,8,6
30,Dificuldade baixa,11,17
30,Dificuldade baixa,5,22
30,Dificuldade baixa,8,14
30,Dificuldade baixa,11,15
10,Dificuldade baixa,5,10
45,Dificuldade baixa,14,13
45,Dificuldade baixa,9,14
15,Dificuldade baixa,5,15
10,Dificuldade baixa,7,17
30,Dificuldade baixa,6,11
90,Dificuldade baixa,8,11
90,Dificuldade baixa,9,12
90,Dificuldade baixa,9,14
15,Dificuldade baixa,8,11
30,Dificuldade baixa,8,13
90,Dificuldade baixa,10,15
10,Dificuldade baixa,7,9
10,Dificuldade baixa,9,11
90,Dificuldade baixa,8,21
15,Dificuldade baixa,14,13
90,Dificuldade baixa,13,20
30,Dificuldade baixa,10,18
45,Dificuldade baixa,7,14
30,Dificuldade baixa,13,19
10,Dificuldade baixa,13,12
15,Dificuldade baixa,11,10
15,Dificuldade baixa,9,14
10,Dificuldade baixa,7,14
30,Dificuldade baixa,15,24
90,Dificuldade baixa,14,12
45,Dificuldade baixa,11,13
90,Dificuldade baixa,11,17
30,Dificuldade baixa,6,12
15,Dificuldade baixa,4,19
30,Dificuldade baixa,15,16
10,Dificuldade baixa,6,18
30,Dificuldade baixa,10,21
15,Dificuldade baixa,9,15
45,Dificuldade baixa,9,20
30,Dificuldade baixa,9,12
10,Dificuldade baixa,9,9
30,Dificuldade baixa,9,16
90,Dificuldade baixa,8,15
10,Dificuldade baixa,9,7
30,Dificuldade baixa,7,18
10,Dificuldade baixa,5,10
15,Dificuldade baixa,11,11
15,Dificuldade baixa,9,11
30,Dificuldade baixa,12,18
30,Dificuldade baixa,7,15
30,Dificuldade baixa,5,14
30,Dificuldade baixa,5,14
45,Dificuldade baixa,13,15
90,Dificuldade baixa,13,16
30,Dificuldade baixa,15,17
15,Dificuldade baixa,9,10
30,Dificuldade baixa,18,19
15,Dificuldade baixa,14,15
90,Dificuldade baixa,9,17
10,Dificuldade baixa,7,10
15,Dificuldade baixa,9,8
15,Dificuldade baixa,7,11
30,Dificuldade baixa,14,17
15,Dificuldade baixa,6,14
30,Dificuldade baixa,4,16
30,Dificuldade baixa,10,13
45,Dificuldade baixa,17,18
30,Dificuldade baixa,7,14
10,Dificuldade baixa,7,10
45,Dificuldade baixa,8,16
45,Dificuldade baixa,11,19
45,Dificuldade baixa,7,18
10,Dificuldade baixa,6,13
10,Dificuldade baixa,8,7
30,Dificuldade baixa,19,25
15,Dificuldade baixa,10,15
15,Dificuldade baixa,5,20
90,Dificuldade baixa,16,21
30,Dificuldade baixa,7,12
15,Dificuldade baixa,6,13
15,Dificuldade baixa,4,8
90,Dificuldade baixa,10,15
90,Dificuldade baixa,8,12
10,Dificuldade baixa,6,14
10,Dificuldade baixa,7,9
10,Dificuldade baixa,6,12
10,Dificuldade baixa,9,11
15,Dificuldade baixa,7,19
45,Dificuldade baixa,13,18
15,Dificuldade baixa,5,13
45,Dificuldade baixa,11,22
30,Dificuldade baixa,13,16
15,Dificuldade baixa,7,15
15,Dificuldade baixa,7,15
15,Dificuldade baixa,8,9
15,Dificuldade baixa,4,11
30,Dificuldade baixa,6,14
90,Dificuldade baixa,9,11
150,Dificuldade baixa,15,21
90,Dificuldade baixa,13,20
45,Dificuldade baixa,9,13
45,Dificuldade baixa,10,13
45,Dificuldade baixa,12,15
45,Dificuldade baixa,8,8
240,Dificuldade baixa,9,12
45,Dificuldade baixa,9,14
360,Dificuldade baixa,13,22
30,Dificuldade baixa,9,11
15,Dificuldade baixa,7,12
30,Dificuldade baixa,9,14
10,Dificuldade baixa,5,11
45,Dificuldade baixa,12,21
1440,Dificuldade baixa,13,13
10,Dificuldade baixa,10,10
45,Dificuldade baixa,8,12
30,Dificuldade baixa,11,16
30,Dificuldade baixa,10,8
30,Dificuldade baixa,10,14
15,Dificuldade baixa,10,10
10,Dificuldade baixa,5,11
30,Dificuldade baixa,15,25
30,Dificuldade baixa,14,16
15,Dificuldade baixa,11,8
30,Dificuldade baixa,10,17
15,Dificuldade baixa,10,12
45,Dificuldade baixa,12,15
10,Dificuldade baixa,7,17
15,Dificuldade baixa,5,21
45,Dificuldade baixa,9,17
90,Dificuldade baixa,7,22
30,Dificuldade baixa,14,14
10,Dificuldade baixa,8,9
30,Dificuldade baixa,10,12
15,Dificuldade baixa,7,16
45,Dificuldade baixa,10,12
90,Dificuldade baixa,10,22
10,Dificuldade baixa,7,19
45,Dificuldade baixa,8,11
15,Dificuldade baixa,5,15
90,Dificuldade baixa,7,14
30,Dificuldade baixa,8,13
30,Dificuldade baixa,10,18
90,Dificuldade baixa,11,22
10,Dificuldade baixa,8,14
10,Dificuldade baixa,7,10
30,Dificuldade baixa,10,17
30,Dificuldade baixa,10,24
45,Dificuldade baixa,7,16
30,Dificuldade baixa,8,13
10,Dificuldade baixa,4,24
30,Dificuldade baixa,5,16
15,Dificuldade baixa,7,15
150,Dificuldade baixa,6,24
30,Dificuldade baixa,16,16
15,Dificuldade baixa,11,13
30,Dificuldade baixa,11,10
90,Dificuldade baixa,11,22
45,Dificuldade baixa,8,13
15,Dificuldade baixa,7,11
45,Dificuldade baixa,12,13
45,Dificuldade baixa,8,19
30,Dificuldade baixa,13,18
45,Dificuldade baixa,9,13
15,Dificuldade baixa,7,12
45,Dificuldade baixa,11,22
45,Dificuldade baixa,12,13
45,Dificuldade baixa,12,19
30,Dificuldade baixa,13,15
15,Dificuldade baixa,14,11
30,Dificuldade baixa,5,11
30,Dificuldade baixa,8,15
30,Dificuldade baixa,10,19
45,Dificuldade baixa,16,15
30,Dificuldade baixa,5,9
30,Dificuldade baixa,11,21
30,Dificuldade baixa,8,16
90,Dificuldade baixa,10,16
1440,Dificuldade baixa,11,15
90,Dificuldade baixa,7,16
360,Dificuldade baixa,9,18
45,Dificuldade baixa,22,13
10,Dificuldade baixa,4,20
30,Dificuldade baixa,12,15
30,Dificuldade baixa,11,15
15,Dificuldade baixa,9,10
30,Dificuldade baixa,9,12
30,Dificuldade baixa,4,16
45,Dificuldade baixa,16,25
45,Dificuldade baixa,9,22
30,Dificuldade baixa,5,23
45,Dificuldade baixa,5,20
45,Dificuldade baixa,10,21
15,Dificuldade baixa,5,12
45,Dificuldade baixa,9,13
45,Dificuldade baixa,9,22
45,Dificuldade baixa,12,23
45,Dificuldade baixa,11,18
45,Dificuldade baixa,10,14
45,Dificuldade baixa,10,18
45,Dificuldade baixa,12,17
30,Dificuldade baixa,4,23
30,Dificuldade baixa,14,19
10,Dificuldade baixa,7,14
45,Dificuldade baixa,9,26
15,Dificuldade baixa,7,16
10,Dificuldade baixa,8,13
30,Dificuldade baixa,10,20
30,Dificuldade baixa,7,16
10,Dificuldade baixa,4,16
15,Dificuldade baixa,5,16
15,Dificuldade baixa,7,21
45,Dificuldade baixa,14,12
15,Dificuldade baixa,6,18
30,Dificuldade baixa,11,19
90,Dificuldade baixa,13,13
90,Dificuldade baixa,8,13
30,Dificuldade baixa,4,11
10,Dificuldade baixa,5,16
30,Dificuldade baixa,10,20
45,Dificuldade baixa,7,21
30,Dificuldade baixa,9,23
15,Dificuldade baixa,6,15
30,Dificuldade baixa,12,14
90,Dificuldade baixa,14,17
45,Dificuldade baixa,13,17
15,Dificuldade baixa,9,15
30,Dificuldade baixa,9,24
45,Dificuldade baixa,8,11
15,Dificuldade baixa,10,15
15,Dificuldade baixa,7,15
10,Dificuldade baixa,10,7
30,Dificuldade baixa,7,16
15,Dificuldade baixa,6,8
30,Dificuldade baixa,5,17
180,Dificuldade baixa,10,19
30,Dificuldade baixa,8,19
30,Dificuldade baixa,6,13
45,Dificuldade baixa,10,20
15,Dificuldade baixa,9,13
30,Dificuldade baixa,10,13
45,Dificuldade baixa,11,30
45,Dificuldade baixa,12,17
10,Dificuldade baixa,7,10
10,Dificuldade baixa,9,16
45,Dificuldade baixa,8,13
45,Dificuldade baixa,6,21
45,Dificuldade baixa,8,14
30,Dificuldade baixa,13,21
90,Dificuldade baixa,7,14
10,Dificuldade baixa,5,10
45,Dificuldade baixa,14,17
45,Dificuldade baixa,4,12
15,Dificuldade baixa,7,12
10,Dificuldade baixa,4,9
30,Dificuldade baixa,8,12
45,Dificuldade baixa,14,19
30,Dificuldade baixa,6,15
45,Dificuldade baixa,8,11
45,Dificuldade baixa,10,10
10,Dificuldade baixa,10,12
45,Dificuldade baixa,15,14
10,Dificuldade baixa,5,12
90,Dificuldade baixa,10,20
10,Dificuldade baixa,7,10
15,Dificuldade baixa,9,11
45,Dificuldade baixa,12,14
30,Dificuldade baixa,10,12
45,Dificuldade baixa,10,15
45,Dificuldade baixa,9,12
15,Dificuldade baixa,9,11
30,Dificuldade baixa,9,16
30,Dificuldade baixa,9,19
10,Dificuldade baixa,8,8
30,Dificuldade baixa,6,14
10,Dificuldade baixa,6,10
45,Dificuldade baixa,8,14
30,Dificuldade baixa,8,17
45,Dificuldade baixa,12,14
90,Dificuldade baixa,18,20
90,Dificuldade baixa,11,11
10,Dificuldade baixa,5,24
90,Dificuldade baixa,9,23
30,Dificuldade baixa,12,15
10,Dificuldade baixa,7,7
45,Dificuldade baixa,9,13
45,Dificuldade baixa,3,8
45,Dificuldade baixa,11,19
15,Dificuldade baixa,8,17
90,Dificuldade baixa,14,12
30,Dificuldade baixa,8,10
30,Dificuldade baixa,7,9
90,Dificuldade baixa,8,19
15,Dificuldade baixa,7,10
90,Dificuldade baixa,14,15
30,Dificuldade baixa,6,13
30,Dificuldade baixa,7,14
30,Dificuldade baixa,7,11
30,Dificuldade baixa,6,10
30,Dificuldade baixa,13,12
45,Dificuldade baixa,7,15
30,Dificuldade baixa,8,13
45,Dificuldade baixa,9,12
45,Dificuldade baixa,10,11
45,Dificuldade baixa,15,14
10,Dificuldade baixa,7,16
10,Dificuldade baixa,7,11
10,Dificuldade baixa,10,10
10,Dificuldade baixa,6,12
90,Dificuldade baixa,25,26
45,Dificuldade baixa,3,9
10,Dificuldade baixa,7,8
10,Dificuldade baixa,7,9
15,Dificuldade baixa,8,13
45,Dificuldade baixa,5,15
30,Dificuldade baixa,10,11
30,Dificuldade baixa,9,26
30,Dificuldade baixa,7,13
10,Dificuldade baixa,8,8
15,Dificuldade baixa,7,8
240,Dificuldade baixa,17,27
30,Dificuldade baixa,7,25
30,Dificuldade baixa,6,13
30,Dificuldade baixa,11,24
15,Dificuldade baixa,7,12
10,Dificuldade baixa,6,10
10,Dificuldade baixa,6,9
15,Dificuldade baixa,9,15
30,Dificuldade baixa,11,12
45,Dificuldade baixa,7,13
30,Dificuldade baixa,5,15
10,Dificuldade baixa,9,11
15,Dificuldade baixa,5,12
30,Dificuldade baixa,11,22
90,Dificuldade baixa,9,17
30,Dificuldade baixa,8,12
45,Dificuldade baixa,6,11
45,Dificuldade baixa,10,13
45,Dificuldade baixa,7,15
15,Dificuldade baixa,5,11
15,Dificuldade baixa,4,15
30,Dificuldade baixa,8,13
15,Dificuldade baixa,8,22
45,Dificuldade baixa,9,16
15,Dificuldade baixa,13,11
30,Dificuldade baixa,5,10
180,Dificuldade baixa,5,11
10,Dificuldade baixa,8,10
45,Dificuldade baixa,10,13
90,Dificuldade baixa,9,14
10,Dificuldade baixa,3,7
90,Dificuldade baixa,16,13
30,Dificuldade baixa,5,9
45,Dificuldade baixa,8,13
45,Dificuldade baixa,7,12
90,Dificuldade baixa,11,15
10,Dificuldade baixa,4,7
45,Dificuldade baixa,11,14
15,Dificuldade baixa,9,12
30,Dificuldade baixa,12,11
45,Dificuldade baixa,9,11
150,Dificuldade baixa,12,11
90,Dificuldade baixa,12,21
15,Dificuldade baixa,10,14
15,Dificuldade baixa,6,13
30,Dificuldade baixa,11,18
15,Dificuldade baixa,7,7
15,Dificuldade baixa,5,26
30,Dificuldade baixa,10,18
15,Dificuldade baixa,11,11
15,Dificuldade baixa,10,10
30,Dificuldade baixa,10,11
45,Dificuldade baixa,15,10
45,Dificuldade baixa,11,12
15,Dificuldade baixa,17,13
30,Dificuldade baixa,6,13
30,Dificuldade baixa,8,8
150,Dificuldade baixa,9,11
30,Dificuldade baixa,12,13
45,Dificuldade baixa,7,11
15,Dificuldade baixa,11,9
30,Dificuldade baixa,8,13
30,Dificuldade baixa,9,10
30,Dificuldade baixa,9,12
45,Dificuldade baixa,4,10
45,Dificuldade baixa,10,13
10,Dificuldade baixa,9,13
45,Dificuldade baixa,13,9
30,Dificuldade baixa,14,14
45,Dificuldade baixa,11,17
15,Dificuldade baixa,5,13
30,Dificuldade baixa,10,14
30,Dificuldade baixa,14,10
15,Dificuldade baixa,7,17
30,Dificuldade baixa,12,10
30,Dificuldade baixa,7,15
10,Dificuldade baixa,4,8
15,Dificuldade baixa,7,13
15,Dificuldade baixa,8,8
30,Dificuldade baixa,7,14
240,Dificuldade baixa,12,22
15,Dificuldade baixa,11,6
30,Dificuldade baixa,9,9
30,Dificuldade baixa,19,15
30,Dificuldade baixa,5,11
30,Dificuldade baixa,19,13
30,Dificuldade baixa,6,8
45,Dificuldade baixa,13,14
15,Dificuldade baixa,11,8
15,Dificuldade baixa,7,12
90,Dificuldade baixa,11,9
240,Dificuldade baixa,12,11
30,Dificuldade baixa,7,12
30,Dificuldade baixa,5,17
10,Dificuldade baixa,6,11
45,Dificuldade baixa,11,10
90,Dificuldade baixa,10,12
90,Dificuldade baixa,10,14
30,Dificuldade baixa,8,12
15,Dificuldade baixa,11,12
30,Dificuldade baixa,6,9
30,Dificuldade baixa,9,10
30,Dificuldade baixa,11,10
30,Dificuldade baixa,10,11
90,Dificuldade baixa,19,17
90,Dificuldade baixa,10,9
30,Dificuldade baixa,5,10
30,Dificuldade baixa,5,7
30,Dificuldade baixa,11,12
90,Dificuldade baixa,14,19
240,Dificuldade baixa,8,14
45,Dificuldade baixa,14,15
90,Dificuldade baixa,11,11
30,Dificuldade baixa,9,13
30,Dificuldade baixa,9,12
30,Dificuldade baixa,8,12
30,Dificuldade baixa,6,12
30,Dificuldade baixa,5,12
10,Dificuldade baixa,8,7
30,Dificuldade baixa,12,13
30,Dificuldade baixa,10,16
15,Dificuldade baixa,8,11
150,Dificuldade baixa,8,15
45,Dificuldade baixa,15,21
30,Dificuldade baixa,10,9
15,Dificuldade baixa,12,13
150,Dificuldade baixa,8,15
30,Dificuldade baixa,7,9
30,Dificuldade baixa,5,14
30,Dificuldade baixa,8,12
15,Dificuldade baixa,5,9
15,Dificuldade baixa,7,13
90,Dificuldade baixa,8,10
45,Dificuldade baixa,8,9
45,Dificuldade baixa,16,26
90,Dificuldade baixa,13,15
15,Dificuldade baixa,6,13
15,Dificuldade baixa,10,14
15,Dificuldade baixa,9,14
30,Dificuldade baixa,8,21
30,Dificuldade baixa,7,10
30,Dificuldade baixa,13,14
30,Dificuldade baixa,18,15
90,Dificuldade baixa,9,20
45,Dificuldade baixa,8,22
30,Dificuldade baixa,5,9
30,Dificuldade baixa,20,14
45,Dificuldade baixa,9,9
30,Dificuldade baixa,13,21
45,Dificuldade baixa,9,16
15,Dificuldade baixa,6,11
15,Dificuldade baixa,14,15
30,Dificuldade baixa,11,11
15,Dificuldade baixa,11,12
30,Dificuldade baixa,8,11
30,Dificuldade baixa,13,21
15,Dificuldade baixa,6,10
45,Dificuldade baixa,16,16
90,Dificuldade baixa,10,11
90,Dificuldade baixa,18,14
15,Dificuldade baixa,9,11
15,Dificuldade baixa,5,10
10,Dificuldade baixa,15,10
45,Dificuldade baixa,10,15
30,Dificuldade baixa,12,12
90,Dificuldade baixa,15,24
45,Dificuldade baixa,10,14
90,Dificuldade baixa,8,11
150,Dificuldade baixa,14,19
45,Dificuldade baixa,10,18
30,Dificuldade baixa,11,25
15,Dificuldade baixa,12,9
15,Dificuldade baixa,9,9
15,Dificuldade baixa,6,12
45,Dificuldade baixa,10,10
30,Dificuldade baixa,10,10
45,Dificuldade baixa,8,14
30,Dificuldade baixa,10,19
15,Dificuldade baixa,5,9
30,Dificuldade baixa,6,10
90,Dificuldade baixa,6,8
30,Dificuldade baixa,8,10
90,Dificuldade baixa,9,14
45,Dificuldade baixa,9,19
90,Dificuldade baixa,3,11
90,Dificuldade baixa,8,11
45,Dificuldade baixa,13,12
15,Dificuldade baixa,7,13
30,Dificuldade baixa,8,13
45,Dificuldade baixa,8,14
30,Dificuldade baixa,10,14
30,Dificuldade baixa,8,11
30,Dificuldade baixa,10,15
90,Dificuldade baixa,4,10
15,Dificuldade baixa,12,15
15,Dificuldade baixa,6,9
30,Dificuldade baixa,4,9
30,Dificuldade baixa,10,20
30,Dificuldade baixa,7,20
10,Dificuldade baixa,7,12
30,Dificuldade baixa,12,17
15,Dificuldade baixa,9,7
90,Dificuldade baixa,11,15
45,Dificuldade baixa,9,24
10,Dificuldade baixa,11,14
30,Dificuldade baixa,11,16
30,Dificuldade baixa,7,7
10,Dificuldade baixa,9,12
45,Dificuldade baixa,9,9
15,Dificuldade baixa,8,10
15,Dificuldade baixa,9,11
30,Dificuldade baixa,3,9
30,Dificuldade baixa,5,14
10,Dificuldade baixa,7,11
10,Dificuldade baixa,13,10
30,Dificuldade baixa,5,9
45,Dificuldade baixa,4,27
30,Dificuldade baixa,8,19
90,Dificuldade baixa,9,16
15,Dificuldade baixa,4,9
30,Dificuldade baixa,8,12
45,Dificuldade baixa,8,9
45,Dificuldade baixa,8,9
10,Dificuldade baixa,4,8
30,Dificuldade baixa,14,12
360,Dificuldade baixa,9,10
30,Dificuldade baixa,5,8
10,Dificuldade baixa,6,6
180,Dificuldade baixa,8,19
90,Dificuldade baixa,9,7
150,Dificuldade baixa,6,8
360,Dificuldade baixa,8,13
90,Dificuldade baixa,14,13
15,Dificuldade baixa,4,11
30,Dificuldade baixa,10,15
10,Dificuldade baixa,6,8
30,Dificuldade baixa,6,8
15,Dificuldade baixa,8,6
90,Dificuldade baixa,11,14
45,Dificuldade baixa,5,9
30,Dificuldade baixa,12,8
45,Dificuldade baixa,7,9
45,Dificuldade baixa,6,11
30,Dificuldade baixa,6,11
30,Dificuldade baixa,10,10
30,Dificuldade baixa,10,9
90,Dificuldade baixa,8,12
10,Dificuldade baixa,8,7
10,Dificuldade baixa,7,9
15,Dificuldade baixa,9,8
180,Dificuldade baixa,8,9
10,Dificuldade baixa,6,10
15,Dificuldade baixa,9,8
10,Dificuldade baixa,7,7
15,Dificuldade baixa,9,10
30,Dificuldade baixa,7,13
30,Dificuldade baixa,9,8
15,Dificuldade baixa,8,9
90,Dificuldade baixa,13,15
30,Dificuldade baixa,8,12
15,Dificuldade baixa,8,9
45,Dificuldade baixa,4,8
15,Dificuldade baixa,8,12
30,Dificuldade baixa,13,13
45,Dificuldade baixa,13,18
30,Dificuldade baixa,5,8
1440,Dificuldade baixa,7,11
150,Dificuldade baixa,11,15
1440,Dificuldade baixa,3,10
30,Dificuldade baixa,7,10
45,Dificuldade baixa,14,13
15,Dificuldade baixa,8,8
10,Dificuldade baixa,5,8
45,Dificuldade baixa,5,14
90,Dificuldade baixa,12,14
10,Dificuldade baixa,7,5
90,Dificuldade baixa,10,13
45,Dificuldade baixa,7,10
15,Dificuldade baixa,11,10
10,Dificuldade baixa,7,6
45,Dificuldade baixa,15,17
45,Dificuldade baixa,9,7
45,Dificuldade baixa,8,11
15,Dificuldade baixa,8,10
45,Dificuldade baixa,15,23
30,Dificuldade baixa,11,19
45,Dificuldade baixa,12,11
30,Dificuldade baixa,4,9
15,Dificuldade baixa,8,8
30,Dificuldade baixa,13,19
45,Dificuldade baixa,11,11
30,Dificuldade baixa,9,16
30,Dificuldade baixa,6,12
30,Dificuldade baixa,7,15
360,Dificuldade baixa,10,11
180,Dificuldade baixa,15,19
45,Dificuldade baixa,10,15
90,Dificuldade baixa,9,9
30,Dificuldade baixa,7,12
45,Dificuldade baixa,10,7
45,Dificuldade baixa,11,9
30,Dificuldade baixa,8,11
10,Dificuldade baixa,7,7
10,Dificuldade baixa,8,5
30,Dificuldade baixa,8,7
90,Dificuldade baixa,12,13
45,Dificuldade baixa,7,19
10,Dificuldade baixa,7,10
45,Dificuldade baixa,9,7
30,Dificuldade baixa,6,14
30,Dificuldade baixa,9,9
90,Dificuldade baixa,9,13
45,Dificuldade baixa,13,14
45,Dificuldade baixa,15,20
30,Dificuldade baixa,9,9
90,Dificuldade baixa,16,16
10,Dificuldade baixa,5,6
30,Dificuldade baixa,14,14
30,Dificuldade baixa,5,7
30,Dificuldade baixa,4,18
150,Dificuldade baixa,8,17
30,Dificuldade baixa,10,14
45,Dificuldade baixa,5,11
150,Dificuldade baixa,11,15
30,Dificuldade baixa,12,8
30,Dificuldade baixa,9,9
10,Dificuldade baixa,6,6
30,Dificuldade baixa,11,9
150,Dificuldade baixa,6,13
90,Dificuldade baixa,9,9
45,Dificuldade baixa,14,8
90,Dificuldade baixa,12,9
15,Dificuldade baixa,11,13
30,Dificuldade baixa,9,9
30,Dificuldade baixa,12,8
45,Dificuldade baixa,6,7
45,Dificuldade baixa,7,9
90,Dificuldade baixa,15,21
180,Dificuldade baixa,6,8
45,Dificuldade baixa,11,15
45,Dificuldade baixa,9,14
15,Dificuldade baixa,10,6
45,Dificuldade baixa,6,13
45,Dificuldade baixa,15,14
45,Dificuldade baixa,13,20
150,Dificuldade baixa,7,11
15,Dificuldade baixa,7,8
45,Dificuldade baixa,12,10
90,Dificuldade baixa,13,21
10,Dificuldade baixa,7,8
90,Dificuldade baixa,7,8
15,Dificuldade baixa,4,8
45,Dificuldade baixa,12,9
30,Dificuldade baixa,12,12
45,Dificuldade baixa,6,10
30,Dificuldade baixa,8,10
90,Dificuldade baixa,9,13
15,Dificuldade baixa,4,16
45,Dificuldade baixa,7,11
30,Dificuldade baixa,11,30
30,Dificuldade baixa,12,20
30,Dificuldade baixa,11,12
30,Dificuldade baixa,7,8
10,Dificuldade baixa,7,12
30,Dificuldade baixa,7,15
90,Dificuldade baixa,10,11
30,Dificuldade baixa,7,12
10,Dificuldade baixa,4,8
90,Dificuldade baixa,8,13
90,Dificuldade baixa,12,13
45,Dificuldade baixa,10,14
30,Dificuldade baixa,7,10
150,Dificuldade baixa,8,24
45,Dificuldade baixa,12,15
30,Dificuldade baixa,12,20
30,Dificuldade baixa,9,7
45,Dificuldade baixa,14,15
45,Dificuldade baixa,8,16
45,Dificuldade baixa,8,9
45,Dificuldade baixa,15,13
30,Dificuldade baixa,6,13
45,Dificuldade baixa,13,11
45,Dificuldade baixa,9,18
45,Dificuldade baixa,15,12
30,Dificuldade baixa,11,10
15,Dificuldade baixa,4,6
15,Dificuldade baixa,12,13
45,Dificuldade baixa,16,14
15,Dificuldade baixa,5,9
45,Dificuldade baixa,9,11
15,Dificuldade baixa,8,8
45,Dificuldade baixa,6,11
45,Dificuldade baixa,9,14
10,Dificuldade baixa,7,9
90,Dificuldade baixa,12,15
45,Dificuldade baixa,10,8
15,Dificuldade baixa,4,9
15,Dificuldade baixa,5,11
45,Dificuldade baixa,7,7
30,Dificuldade baixa,9,9
10,Dificuldade baixa,11,7
90,Dificuldade baixa,3,8
10,Dificuldade baixa,4,5
10,Dificuldade baixa,7,9
15,Dificuldade baixa,4,7
90,Dificuldade baixa,19,13
90,Dificuldade baixa,14,13
30,Dificuldade baixa,10,10
90,Dificuldade baixa,13,10
10,Dificuldade baixa,7,9
45,Dificuldade baixa,16,16
45,Dificuldade baixa,15,12
30,Dificuldade baixa,12,13
45,Dificuldade baixa,13,10
30,Dificuldade baixa,8,7
45,Dificuldade baixa,14,19
10,Dificuldade baixa,5,7
45,Dificuldade baixa,8,9
15,Dificuldade baixa,9,9
10,Dificuldade baixa,4,7
90,Dificuldade baixa,15,14
90,Dificuldade baixa,12,11
45,Dificuldade baixa,7,6
90,Dificuldade baixa,10,15
10,Dificuldade baixa,5,8
45,Dificuldade baixa,16,15
30,Dificuldade baixa,7,8
90,Dificuldade baixa,6,8
45,Dificuldade baixa,6,8
45,Dificuldade baixa,9,12
90,Dificuldade baixa,16,13
30,Dificuldade baixa,10,12
45,Dificuldade baixa,13,8
30,Dificuldade baixa,9,6
10,Dificuldade baixa,5,6
30,Dificuldade baixa,14,19
10,Dificuldade baixa,6,8
90,Dificuldade baixa,11,18
45,Dificuldade baixa,12,10
45,Dificuldade baixa,13,12
30,Dificuldade baixa,6,10
30,Dificuldade baixa,18,14
45,Dificuldade baixa,9,13
30,Dificuldade baixa,5,12
30,Dificuldade baixa,11,9
45,Dificuldade baixa,10,11
45,Dificuldade baixa,9,13
90,Dificuldade baixa,5,10
45,Dificuldade baixa,3,11
45,Dificuldade baixa,7,7
45,Dificuldade baixa,17,23
30,Dificuldade baixa,3,9
45,Dificuldade baixa,14,15
30,Dificuldade baixa,9,9
30,Dificuldade baixa,5,8
45,Dificuldade baixa,7,9
30,Dificuldade baixa,5,9
30,Dificuldade baixa,8,7
90,Dificuldade baixa,12,13
90,Dificuldade baixa,26,20
15,Dificuldade baixa,9,8
45,Dificuldade baixa,9,9
15,Dificuldade baixa,10,12
45,Dificuldade baixa,6,7
30,Dificuldade baixa,6,9
30,Dificuldade baixa,10,6
30,Dificuldade baixa,7,10
90,Dificuldade baixa,8,15
30,Dificuldade baixa,10,13
90,Dificuldade baixa,12,7
15,Dificuldade baixa,11,13
45,Dificuldade baixa,12,13
45,Dificuldade baixa,9,7
30,Dificuldade baixa,5,13
30,Dificuldade baixa,13,13
30,Dificuldade baixa,11,9
15,Dificuldade baixa,15,10
10,Dificuldade baixa,6,15
30,Dificuldade baixa,11,14
90,Dificuldade baixa,11,19
30,Dificuldade baixa,7,7
30,Dificuldade baixa,14,19
10,Dificuldade baixa,4,4
10,Dificuldade baixa,5,9
10,Dificuldade baixa,8,9
15,Dificuldade baixa,11,9
15,Dificuldade baixa,6,10
30,Dificuldade baixa,4,8
1440,Dificuldade baixa,6,11
10,Dificuldade baixa,6,8
45,Dificuldade baixa,8,9
30,Dificuldade baixa,8,12
10,Dificuldade baixa,5,7
30,Dificuldade baixa,9,13
15,Dificuldade baixa,9,10
90,Dificuldade baixa,11,15
45,Dificuldade baixa,7,8
45,Dificuldade baixa,6,10
15,Dificuldade baixa,9,17
45,Dificuldade baixa,9,7
30,Dificuldade baixa,8,9
480,Dificuldade baixa,8,10
10,Dificuldade baixa,12,9
90,Dificuldade baixa,14,14
180,Dificuldade baixa,10,13
30,Dificuldade baixa,9,12
30,Dificuldade baixa,9,12
45,Dificuldade baixa,8,7
90,Dificuldade baixa,4,17
45,Dificuldade baixa,9,8
90,Dificuldade baixa,14,9
30,Dificuldade baixa,8,9
15,Dificuldade baixa,13,8
45,Dificuldade baixa,10,9
45,Dificuldade baixa,10,14
30,Dificuldade baixa,9,13
30,Dificuldade baixa,8,12
30,Dificuldade baixa,5,6
15,Dificuldade baixa,12,9
10,Dificuldade baixa,4,9
30,Dificuldade baixa,8,12
30,Dificuldade baixa,9,14
45,Dificuldade baixa,8,17
45,Dificuldade baixa,9,9
45,Dificuldade baixa,9,11
45,Dificuldade baixa,12,14
45,Dificuldade baixa,13,13
45,Dificuldade baixa,13,12
45,Dificuldade baixa,4,9
10,Dificuldade baixa,8,6
30,Dificuldade baixa,14,10
45,Dificuldade baixa,13,14
45,Dificuldade baixa,17,12
45,Dificuldade baixa,13,20
90,Dificuldade baixa,14,14
45,Dificuldade baixa,12,13
240,Dificuldade baixa,12,14
45,Dificuldade baixa,11,11
15,Dificuldade baixa,5,8
30,Dificuldade baixa,8,11
45,Dificuldade baixa,10,12
45,Dificuldade baixa,8,9
45,Dificuldade baixa,10,12
15,Dificuldade baixa,5,10
30,Dificuldade baixa,6,9
30,Dificuldade baixa,5,9
15,Dificuldade baixa,8,9
45,Dificuldade baixa,6,10
180,Dificuldade baixa,5,13
45,Dificuldade baixa,12,10
15,Dificuldade baixa,4,13
15,Dificuldade baixa,8,8
45,Dificuldade baixa,3,10
15,Dificuldade baixa,8,9
45,Dificuldade baixa,10,11
15,Dificuldade baixa,4,7
30,Dificuldade baixa,12,15
15,Dificuldade baixa,11,12
360,Dificuldade baixa,9,9
45,Dificuldade baixa,10,6
10,Dificuldade baixa,8,9
15,Dificuldade baixa,7,9
30,Dificuldade baixa,7,14
480,Dificuldade baixa,3,7
45,Dificuldade baixa,13,11
30,Dificuldade baixa,6,10
30,Dificuldade baixa,4,15
30,Dificuldade baixa,4,12
45,Dificuldade baixa,9,15
45,Dificuldade baixa,5,5
30,Dificuldade baixa,5,7
45,Dificuldade baixa,7,14
90,Dificuldade baixa,12,11
15,Dificuldade baixa,6,7
150,Dificuldade baixa,12,11
45,Dificuldade baixa,11,14
45,Dificuldade baixa,8,13
45,Dificuldade baixa,13,20
15,Dificuldade baixa,10,6
15,Dificuldade baixa,4,9
15,Dificuldade baixa,7,6
10,Dificuldade baixa,12,15
15,Dificuldade baixa,8,10
45,Dificuldade baixa,13,15
15,Dificuldade baixa,7,10
90,Dificuldade baixa,8,10
15,Dificuldade baixa,8,9
90,Dificuldade baixa,9,16
45,Dificuldade baixa,9,14
45,Dificuldade baixa,4,8
10,Dificuldade baixa,5,10
15,Dificuldade baixa,11,12
15,Dificuldade baixa,10,10
30,Dificuldade baixa,9,9
45,Dificuldade baixa,8,7
45,Dificuldade baixa,6,7
45,Dificuldade baixa,6,11
150,Dificuldade baixa,7,7
150,Dificuldade baixa,9,17
30,Dificuldade baixa,7,12
30,Dificuldade baixa,12,12
90,Dificuldade baixa,5,14
30,Dificuldade baixa,5,10
30,Dificuldade baixa,6,8
1440,Dificuldade baixa,6,16
1440,Dificuldade baixa,6,10
15,Dificuldade baixa,8,13
45,Dificuldade baixa,19,19
30,Dificuldade baixa,7,5
360,Dificuldade baixa,5,7
30,Dificuldade baixa,5,6
15,Dificuldade baixa,11,12
45,Dificuldade baixa,8,12
30,Dificuldade baixa,12,9
45,Dificuldade baixa,12,10
30,Dificuldade baixa,9,11
30,Dificuldade baixa,13,9
45,Dificuldade baixa,8,16
30,Dificuldade baixa,12,9
240,Dificuldade baixa,6,18
15,Dificuldade baixa,7,10
45,Dificuldade baixa,9,13
45,Dificuldade baixa,10,15
30,Dificuldade baixa,16,12
45,Dificuldade baixa,5,11
30,Dificuldade baixa,4,8
15,Dificuldade baixa,11,7
30,Dificuldade baixa,11,9
45,Dificuldade baixa,13,11
15,Dificuldade baixa,4,8
45,Dificuldade baixa,8,8
180,Dificuldade baixa,8,6
30,Dificuldade baixa,5,6
30,Dificuldade baixa,13,10
45,Dificuldade baixa,7,7
45,Dificuldade baixa,10,15
15,Dificuldade baixa,11,12
15,Dificuldade baixa,7,12
150,Dificuldade baixa,11,15
10,Dificuldade baixa,6,7
15,Dificuldade baixa,9,9
10,Dificuldade baixa,7,9
15,Dificuldade baixa,5,8
15,Dificuldade baixa,6,10
15,Dificuldade baixa,6,12
10,Dificuldade baixa,11,9
30,Dificuldade baixa,11,10
15,Dificuldade baixa,8,16
15,Dificuldade baixa,10,11
15,Dificuldade baixa,7,7
30,Dificuldade baixa,9,10
10,Dificuldade baixa,4,9
15,Dificuldade baixa,8,12
45,Dificuldade baixa,8,11
30,Dificuldade baixa,4,7
45,Dificuldade baixa,10,8
15,Dificuldade baixa,3,9
10,Dificuldade baixa,4,8
10,Dificuldade baixa,7,9
30,Dificuldade baixa,10,13
30,Dificuldade baixa,10,10
30,Dificuldade baixa,6,10
15,Dificuldade baixa,8,9
15,Dificuldade baixa,5,9
150,Dificuldade baixa,5,11
90,Dificuldade baixa,10,12
30,Dificuldade baixa,7,14
15,Dificuldade baixa,5,9
15,Dificuldade baixa,6,8
15,Dificuldade baixa,8,8
30,Dificuldade baixa,12,15
45,Dificuldade baixa,7,9
30,Dificuldade baixa,7,10
15,Dificuldade baixa,7,8
360,Dificuldade baixa,5,13
180,Dificuldade baixa,4,11
30,Dificuldade baixa,5,11
10,Dificuldade baixa,7,8
15,Dificuldade baixa,10,10
45,Dificuldade baixa,9,15
90,Dificuldade baixa,15,11
30,Dificuldade baixa,12,13
30,Dificuldade baixa,6,8
10,Dificuldade baixa,8,8
30,Dificuldade baixa,7,19
15,Dificuldade baixa,4,15
45,Dificuldade baixa,7,9
45,Dificuldade baixa,9,14
45,Dificuldade baixa,9,12
15,Dificuldade baixa,13,13
15,Dificuldade baixa,6,6
45,Dificuldade baixa,5,20
30,Dificuldade baixa,9,14
30,Dificuldade baixa,7,10
45,Dificuldade baixa,11,14
30,Dificuldade baixa,5,7
45,Dificuldade baixa,12,9
30,Dificuldade baixa,9,6
15,Dificuldade baixa,7,8
1440,Dificuldade baixa,4,8
15,Dificuldade baixa,7,7
1440,Dificuldade baixa,3,7
30,Dificuldade baixa,12,11
10,Dificuldade baixa,6,7
45,Dificuldade baixa,6,6
30,Dificuldade baixa,12,11
30,Dificuldade baixa,12,19
45,Dificuldade baixa,7,14
30,Dificuldade baixa,8,9
15,Dificuldade baixa,7,7
30,Dificuldade baixa,6,12
15,Dificuldade baixa,4,5
30,Dificuldade baixa,5,13
45,Dificuldade baixa,4,17
30,Dificuldade baixa,12,11
45,Dificuldade baixa,7,11
45,Dificuldade baixa,8,12
15,Dificuldade baixa,8,5
30,Dificuldade baixa,6,9
10,Dificuldade baixa,8,8
30,Dificuldade baixa,7,9
15,Dificuldade baixa,6,12
45,Dificuldade baixa,5,10
10,Dificuldade baixa,4,10
10,Dificuldade baixa,6,6
15,Dificuldade baixa,8,11
30,Dificuldade baixa,10,10
45,Dificuldade baixa,7,8
45,Dificuldade baixa,8,12
10,Dificuldade baixa,5,8
30,Dificuldade baixa,7,8
10,Dificuldade baixa,8,10
15,Dificuldade baixa,8,7
10,Dificuldade baixa,4,6
10,Dificuldade baixa,6,6
30,Dificuldade baixa,7,8
30,Dificuldade baixa,13,15
10,Dificuldade baixa,7,5
90,Dificuldade baixa,6,7
45,Dificuldade baixa,7,19
30,Dificuldade baixa,8,10
30,Dificuldade baixa,7,7
10,Dificuldade baixa,7,7
90,Dificuldade baixa,8,17
30,Dificuldade baixa,9,7
30,Dificuldade baixa,11,14
90,Dificuldade baixa,16,11
45,Dificuldade baixa,8,7
45,Dificuldade baixa,9,14
10,Dificuldade baixa,4,7
10,Dificuldade baixa,9,11
240,Dificuldade baixa,9,19
30,Dificuldade baixa,6,8
10,Dificuldade baixa,8,6
30,Dificuldade baixa,9,9
30,Dificuldade baixa,9,13
15,Dificuldade baixa,13,9
10,Dificuldade baixa,13,9
150,Dificuldade baixa,10,20
15,Dificuldade baixa,4,8
90,Dificuldade baixa,6,21
150,Dificuldade baixa,3,11
90,Dificuldade baixa,12,22
360,Dificuldade elevada,13,44
150,Dificuldade elevada,23,39
90,Dificuldade elevada,13,24
90,Dificuldade elevada,16,31
360,Dificuldade elevada,21,40
360,Dificuldade elevada,22,27
90,Dificuldade elevada,23,27
480,Dificuldade elevada,22,33
30,Dificuldade elevada,11,21
480,Dificuldade elevada,19,43
90,Dificuldade elevada,19,26
90,Dificuldade elevada,19,35
90,Dificuldade elevada,13,37
180,Dificuldade elevada,19,25
45,Dificuldade elevada,10,17
240,Dificuldade elevada,11,29
180,Dificuldade elevada,24,32
180,Dificuldade elevada,22,26
150,Dificuldade elevada,20,34
240,Dificuldade elevada,14,31
45,Dificuldade elevada,5,13
90,Dificuldade elevada,20,28
90,Dificuldade elevada,15,15
90,Dificuldade elevada,9,25
150,Dificuldade elevada,17,13
90,Dificuldade elevada,9,18
150,Dificuldade elevada,12,24
90,Dificuldade elevada,14,20
150,Dificuldade elevada,13,21
90,Dificuldade elevada,15,27
90,Dificuldade elevada,8,21
360,Dificuldade elevada,17,18
150,Dificuldade elevada,10,14
45,Dificuldade elevada,7,21
90,Dificuldade elevada,15,16
45,Dificuldade elevada,6,16
90,Dificuldade elevada,20,19
150,Dificuldade elevada,13,15
90,Dificuldade elevada,10,17
90,Dificuldade elevada,6,16
45,Dificuldade elevada,19,26
45,Dificuldade elevada,8,17
240,Dificuldade elevada,17,16
90,Dificuldade elevada,16,22
240,Dificuldade elevada,5,15
30,Dificuldade elevada,9,11
90,Dificuldade elevada,21,21
240,Dificuldade elevada,11,20
90,Dificuldade elevada,20,26
240,Dificuldade elevada,21,21
240,Dificuldade elevada,18,30
240,Dificuldade elevada,26,31
45,Dificuldade elevada,14,19
45,Dificuldade elevada,17,19
240,Dificuldade elevada,17,30
45,Dificuldade elevada,12,16
90,Dificuldade elevada,11,22
90,Dificuldade elevada,14,17
45,Dificuldade elevada,21,20
90,Dificuldade elevada,16,19
90,Dificuldade elevada,21,17
90,Dificuldade elevada,11,17
45,Dificuldade elevada,20,22
90,Dificuldade elevada,12,24
45,Dificuldade elevada,5,7
90,Dificuldade elevada,19,23
90,Dificuldade elevada,12,17
90,Dificuldade elevada,11,16
240,Dificuldade elevada,7,21
45,Dificuldade elevada,14,18
90,Dificuldade elevada,16,18
45,Dificuldade elevada,12,17
90,Dificuldade elevada,11,18
90,Dificuldade elevada,10,19
45,Dificuldade elevada,10,16
90,Dificuldade elevada,11,21
45,Dificuldade elevada,20,32
45,Dificuldade elevada,12,18
90,Dificuldade elevada,16,21
45,Dificuldade elevada,14,16
45,Dificuldade elevada,19,15
240,Dificuldade elevada,20,17
240,Dificuldade elevada,7,14
90,Dificuldade elevada,12,19
45,Dificuldade elevada,16,17
240,Dificuldade elevada,20,17
45,Dificuldade elevada,9,14
45,Dificuldade elevada,25,15
240,Dificuldade elevada,25,19
90,Dificuldade elevada,6,28
90,Dificuldade elevada,16,15
150,Dificuldade média,11,35
90,Dificuldade média,13,13
90,Dificuldade média,14,12
45,Dificuldade média,14,17
480,Dificuldade média,12,16
45,Dificuldade média,9,31
90,Dificuldade média,7,15
45,Dificuldade média,9,16
90,Dificuldade média,13,31
45,Dificuldade média,9,16
45,Dificuldade média,13,24
90,Dificuldade média,11,26
45,Dificuldade média,11,19
90,Dificuldade média,13,16
90,Dificuldade média,18,25
1440,Dificuldade média,10,25
90,Dificuldade média,5,20
90,Dificuldade média,13,23
90,Dificuldade média,23,31
360,Dificuldade média,10,21
45,Dificuldade média,8,21
45,Dificuldade média,19,32
90,Dificuldade média,13,20
1440,Dificuldade média,7,34
150,Dificuldade média,11,25
90,Dificuldade média,14,25
90,Dificuldade média,13,20
150,Dificuldade média,13,21
180,Dificuldade média,10,29
30,Dificuldade média,10,15
90,Dificuldade média,9,19
45,Dificuldade média,8,19
90,Dificuldade média,17,30
45,Dificuldade média,8,21
45,Dificuldade média,11,38
45,Dificuldade média,10,22
90,Dificuldade média,11,21
45,Dificuldade média,5,30
90,Dificuldade média,12,19
45,Dificuldade média,13,13
45,Dificuldade média,16,35
45,Dificuldade média,16,26
45,Dificuldade média,11,20
90,Dificuldade média,15,26
15,Dificuldade média,8,17
150,Dificuldade média,9,30
45,Dificuldade média,7,21
90,Dificuldade média,7,23
90,Dificuldade média,10,20
150,Dificuldade média,13,21
240,Dificuldade média,21,21
1440,Dificuldade média,16,26
150,Dificuldade média,20,16
90,Dificuldade média,9,31
90,Dificuldade média,18,23
150,Dificuldade média,7,15
90,Dificuldade média,20,20
45,Dificuldade média,11,21
30,Dificuldade média,5,12
45,Dificuldade média,19,19
90,Dificuldade média,12,31
30,Dificuldade média,8,13
1440,Dificuldade média,16,49
480,Dificuldade média,13,17
45,Dificuldade média,9,18
90,Dificuldade média,19,23
1440,Dificuldade média,19,23
90,Dificuldade média,22,24
90,Dificuldade média,12,16
90,Dificuldade média,10,22
150,Dificuldade média,13,17
90,Dificuldade média,13,19
90,Dificuldade média,12,33
90,Dificuldade média,14,26
150,Dificuldade média,7,22
45,Dificuldade média,12,22
90,Dificuldade média,15,19
240,Dificuldade média,15,25
30,Dificuldade média,13,23
150,Dificuldade média,11,21
90,Dificuldade média,7,20
90,Dificuldade média,20,23
90,Dificuldade média,12,25
45,Dificuldade média,15,37
45,Dificuldade média,7,20
45,Dificuldade média,14,20
30,Dificuldade média,17,23
1440,Dificuldade média,6,27
30,Dificuldade média,11,19
90,Dificuldade média,11,16
45,Dificuldade média,12,30
150,Dificuldade média,7,25
30,Dificuldade média,11,15
90,Dificuldade média,19,28
90,Dificuldade média,20,21
90,Dificuldade média,8,16
90,Dificuldade média,11,17
30,Dificuldade média,12,18
150,Dificuldade média,14,19
30,Dificuldade média,12,18
90,Dificuldade média,6,17
90,Dificuldade média,13,19
30,Dificuldade média,14,22
90,Dificuldade média,13,21
150,Dificuldade média,13,36
90,Dificuldade média,10,22
90,Dificuldade média,22,25
45,Dificuldade média,14,28
90,Dificuldade média,13,20
15,Dificuldade média,8,10
90,Dificuldade média,11,23
90,Dificuldade média,16,21
45,Dificuldade média,21,23
45,Dificuldade média,14,18
30,Dificuldade média,5,21
45,Dificuldade média,11,21
150,Dificuldade média,20,19
90,Dificuldade média,16,18
30,Dificuldade média,5,29
90,Dificuldade média,18,26
90,Dificuldade média,17,26
90,Dificuldade média,23,20
30,Dificuldade média,14,18
45,Dificuldade média,18,25
30,Dificuldade média,36,28
150,Dificuldade média,12,31
90,Dificuldade média,15,22
30,Dificuldade média,12,17
90,Dificuldade média,13,31
90,Dificuldade média,9,16
45,Dificuldade média,18,20
45,Dificuldade média,9,14
240,Dificuldade média,7,30
30,Dificuldade média,9,17
45,Dificuldade média,18,21
30,Dificuldade média,15,19
90,Dificuldade média,22,20
150,Dificuldade média,11,11
30,Dificuldade média,18,20
30,Dificuldade média,20,15
90,Dificuldade média,9,23
1440,Dificuldade média,12,17
1440,Dificuldade média,9,16
150,Dificuldade média,26,23
150,Dificuldade média,17,13
45,Dificuldade média,15,17
90,Dificuldade média,13,19
90,Dificuldade média,8,10
90,Dificuldade média,19,22
90,Dificuldade média,21,17
45,Dificuldade média,13,16
90,Dificuldade média,18,16
150,Dificuldade média,8,16
180,Dificuldade média,11,32
90,Dificuldade média,12,19
45,Dificuldade média,11,21
30,Dificuldade média,11,12
150,Dificuldade média,15,31
90,Dificuldade média,13,18
45,Dificuldade média,11,30
45,Dificuldade média,10,18
45,Dificuldade média,11,17
30,Dificuldade média,9,15
90,Dificuldade média,20,20
90,Dificuldade média,14,16
45,Dificuldade média,6,19
45,Dificuldade média,16,15
150,Dificuldade média,14,18
30,Dificuldade média,13,16
90,Dificuldade média,5,17
90,Dificuldade média,16,16
90,Dificuldade média,9,18
90,Dificuldade média,12,13
90,Dificuldade média,13,19
45,Dificuldade média,9,13
90,Dificuldade média,7,14
30,Dificuldade média,14,23
90,Dificuldade média,7,12
90,Dificuldade média,13,11
45,Dificuldade média,14,21
90,Dificuldade média,21,19
90,Dificuldade média,7,15
45,Dificuldade média,8,14
90,Dificuldade média,23,19
90,Dificuldade média,16,18
45,Dificuldade média,12,15
90,Dificuldade média,16,16
90,Dificuldade média,10,14
45,Dificuldade média,10,29
45,Dificuldade média,10,11
90,Dificuldade média,12,11
45,Dificuldade média,12,18
240,Dificuldade média,7,10
90,Dificuldade média,16,13
240,Dificuldade média,11,18
90,Dificuldade média,17,25
45,Dificuldade média,17,18
90,Dificuldade média,18,17
90,Dificuldade média,13,15
30,Dificuldade média,10,14
45,Dificuldade média,18,13
90,Dificuldade média,12,20
180,Dificuldade média,18,25
45,Dificuldade média,14,9
45,Dificuldade média,20,26
90,Dificuldade média,10,17
1440,Dificuldade média,11,13
90,Dificuldade média,9,12
150,Dificuldade média,14,16
45,Dificuldade média,15,13
150,Dificuldade média,8,17
45,Dificuldade média,13,19
30,Dificuldade média,7,11
90,Dificuldade média,18,19
150,Dificuldade média,18,20
90,Dificuldade média,29,24
150,Dificuldade média,22,25
45,Dificuldade média,9,10
90,Dificuldade média,14,18
90,Dificuldade média,4,15
90,Dificuldade média,6,15
150,Dificuldade média,21,23
360,Dificuldade média,18,18
45,Dificuldade média,18,27
90,Dificuldade média,4,11
90,Dificuldade média,5,8
180,Dificuldade média,5,12
45,Dificuldade média,11,17
45,Dificuldade média,12,14
45,Dificuldade média,5,15
1440,Dificuldade média,17,24
30,Dificuldade média,14,12
90,Dificuldade média,18,19
30,Dificuldade média,11,11
45,Dificuldade média,6,13
45,Dificuldade média,8,14
30,Dificuldade média,11,9
45,Dificuldade média,13,19
45,Dificuldade média,11,15
90,Dificuldade média,22,21
45,Dificuldade média,11,13
45,Dificuldade média,16,14
30,Dificuldade média,18,11
90,Dificuldade média,17,15
30,Dificuldade média,15,20
90,Dificuldade média,22,23
150,Dificuldade média,15,24
45,Dificuldade média,18,17
45,Dificuldade média,19,20
180,Dificuldade média,11,21
45,Dificuldade média,10,25
30,Dificuldade média,7,7
90,Dificuldade média,13,22
150,Dificuldade média,14,17
90,Dificuldade média,8,13
45,Dificuldade média,12,12
30,Dificuldade média,8,14
90,Dificuldade média,13,18
15,Dificuldade média,9,14
150,Dificuldade média,14,11
90,Dificuldade média,17,23
150,Dificuldade média,10,14
90,Dificuldade média,17,18
45,Dificuldade média,10,24
45,Dificuldade média,12,18
90,Dificuldade média,18,22
45,Dificuldade média,12,21
45,Dificuldade média,11,12
30,Dificuldade média,11,20
360,Dificuldade média,16,28
30,Dificuldade média,16,17
45,Dificuldade média,14,21
90,Dificuldade média,6,14
90,Dificuldade média,21,21
180,Dificuldade média,14,32
240,Dificuldade média,16,28
45,Dificuldade média,17,21
45,Dificuldade média,13,16
45,Dificuldade média,12,16
45,Dificuldade média,12,15
90,Dificuldade média,10,10
90,Dificuldade média,13,23
150,Dificuldade média,19,20
90,Dificuldade média,27,21
90,Dificuldade média,10,12
30,Dificuldade média,9,10
90,Dificuldade média,19,21
30,Dificuldade média,6,9
180,Dificuldade média,7,21
150,Dificuldade média,8,14
90,Dificuldade média,16,21
90,Dificuldade média,10,16
90,Dificuldade média,15,19
90,Dificuldade média,16,16
90,Dificuldade média,15,22
240,Dificuldade média,12,17
240,Dificuldade média,6,14
90,Dificuldade média,9,18
45,Dificuldade média,12,15
180,Dificuldade média,9,13
90,Dificuldade média,8,14
90,Dificuldade média,7,12
90,Dificuldade média,8,17
1440,Dificuldade média,20,28
240,Dificuldade média,8,12
240,Dificuldade média,27,32
360,Dificuldade média,23,20
150,Dificuldade média,15,27
1440,Dificuldade média,24,29
90,Dificuldade média,19,17
90,Dificuldade média,15,21
90,Dificuldade média,17,22
150,Dificuldade média,8,16
90,Dificuldade média,13,15
45,Dificuldade média,13,21
45,Dificuldade média,22,13
90,Dificuldade média,17,16
480,Dificuldade média,6,19
90,Dificuldade média,9,12
45,Dificuldade média,10,21
90,Dificuldade média,9,19
150,Dificuldade média,14,20
180,Dificuldade média,9,17
1440,Dificuldade média,14,13
45,Dificuldade média,14,11
90,Dificuldade média,7,13
90,Dificuldade média,24,25
90,Dificuldade média,11,16
480,Dificuldade média,14,27
45,Dificuldade média,11,18
45,Dificuldade média,22,14
90,Dificuldade média,6,12
45,Dificuldade média,19,17
360,Dificuldade média,11,14
90,Dificuldade média,11,22
90,Dificuldade média,9,21
30,Dificuldade média,9,16
360,Dificuldade média,17,9
45,Dificuldade média,14,24
150,Dificuldade média,10,28
45,Dificuldade média,11,23
150,Dificuldade média,8,22
1440,Dificuldade média,14,25
90,Dificuldade média,19,28
1440,Dificuldade média,10,27
1440,Dificuldade média,11,20
1440,Dificuldade média,8,28
90,Dificuldade média,14,23
90,Dificuldade média,11,19
90,Dificuldade média,15,18
30,Dificuldade média,11,9
45,Dificuldade média,9,12
45,Dificuldade média,14,18
150,Dificuldade média,14,15
150,Dificuldade média,18,13
45,Dificuldade média,12,17
30,Dificuldade média,8,12
150,Dificuldade média,6,15
240,Dificuldade média,9,29
1440,Dificuldade média,16,24
45,Dificuldade média,20,19
90,Dificuldade média,14,18
45,Dificuldade média,11,18
45,Dificuldade média,13,18
1440,Dificuldade média,2,17
90,Dificuldade média,12,19
45,Dificuldade média,10,12
45,Dificuldade média,16,23
45,Dificuldade média,8,17
90,Dificuldade média,11,21
45,Dificuldade média,9,19
45,Dificuldade média,6,7
90,Dificuldade média,12,17
90,Dificuldade média,10,17
90,Dificuldade média,6,14
45,Dificuldade média,13,16
90,Dificuldade média,10,15
30,Dificuldade média,10,22
45,Dificuldade média,25,12
90,Dificuldade média,10,20
45,Dificuldade média,11,19
45,Dificuldade média,16,20
15,Dificuldade média,8,18
45,Dificuldade média,12,17
240,Dificuldade média,14,23
45,Dificuldade média,12,22
45,Dificuldade média,5,13
30,Dificuldade média,17,13
45,Dificuldade média,11,27
45,Dificuldade média,16,18
45,Dificuldade média,5,11
15,Dificuldade média,17,21
90,Dificuldade média,8,10
30,Dificuldade média,6,11
45,Dificuldade média,11,16
30,Dificuldade média,9,9
30,Dificuldade média,13,14
45,Dificuldade média,8,14
90,Dificuldade média,10,17
30,Dificuldade média,8,8
45,Dificuldade média,8,11
45,Dificuldade média,16,16
90,Dificuldade média,17,20
45,Dificuldade média,14,12
45,Dificuldade média,15,11
90,Dificuldade média,16,14
30,Dificuldade média,10,19
90,Dificuldade média,23,13
30,Dificuldade média,10,8
45,Dificuldade média,4,17
45,Dificuldade média,13,17
45,Dificuldade média,9,18
90,Dificuldade média,10,18
45,Dificuldade média,15,12
45,Dificuldade média,8,16
150,Dificuldade média,16,28
15,Dificuldade média,11,10
45,Dificuldade média,11,15
45,Dificuldade média,18,21
45,Dificuldade média,14,9
45,Dificuldade média,10,12
90,Dificuldade média,11,24
90,Dificuldade média,12,19
45,Dificuldade média,18,12
45,Dificuldade média,9,13
30,Dificuldade média,12,14
45,Dificuldade média,6,8
30,Dificuldade média,11,13
45,Dificuldade média,14,15
30,Dificuldade média,9,12
30,Dificuldade média,10,13
30,Dificuldade média,8,11
45,Dificuldade média,11,11
45,Dificuldade média,20,15
90,Dificuldade média,6,15
45,Dificuldade média,11,17
90,Dificuldade média,12,20
240,Dificuldade média,14,30
45,Dificuldade média,12,13
45,Dificuldade média,13,18
240,Dificuldade média,5,13
90,Dificuldade média,17,14
90,Dificuldade média,12,27
240,Dificuldade média,17,29
45,Dificuldade média,12,16
90,Dificuldade média,14,33
90,Dificuldade média,19,23
90,Dificuldade média,7,18
45,Dificuldade média,13,16
45,Dificuldade média,11,15
90,Dificuldade média,11,19
90,Dificuldade média,10,17
30,Dificuldade média,9,19
45,Dificuldade média,16,22
90,Dificuldade média,12,13
30,Dificuldade média,9,14
90,Dificuldade média,15,19
30,Dificuldade média,11,20
90,Dificuldade média,13,20
90,Dificuldade média,10,22
30,Dificuldade média,10,20
30,Dificuldade média,13,9
30,Dificuldade média,9,10
1440,Dificuldade média,9,25
30,Dificuldade média,10,14
30,Dificuldade média,12,17
45,Dificuldade média,11,18
45,Dificuldade média,17,13
30,Dificuldade média,7,17
30,Dificuldade média,8,13
45,Dificuldade média,8,23
45,Dificuldade média,10,21
45,Dificuldade média,7,12
30,Dificuldade média,10,16
90,Dificuldade média,15,28
90,Dificuldade média,12,13
150,Dificuldade média,9,18
90,Dificuldade média,10,14
45,Dificuldade média,10,24
30,Dificuldade média,10,19
90,Dificuldade média,12,17
150,Dificuldade média,7,23
15,Dificuldade média,10,8
90,Dificuldade média,13,11
90,Dificuldade média,9,12
45,Dificuldade média,11,16
15,Dificuldade média,8,13
1440,Dificuldade média,12,13
30,Dificuldade média,9,15
30,Dificuldade média,7,15
45,Dificuldade média,11,21
30,Dificuldade média,9,15
45,Dificuldade média,8,13
30,Dificuldade média,12,17
30,Dificuldade média,12,13
240,Dificuldade média,11,25
45,Dificuldade média,10,12
90,Dificuldade média,9,18
150,Dificuldade média,9,19
90,Dificuldade média,9,11
90,Dificuldade média,12,23
45,Dificuldade média,8,11
90,Dificuldade média,11,13
150,Dificuldade média,17,15
45,Dificuldade média,10,7
45,Dificuldade média,9,12
45,Dificuldade média,14,11
45,Dificuldade média,12,11
45,Dificuldade média,10,11
30,Dificuldade média,17,28
45,Dificuldade média,7,10
45,Dificuldade média,12,13
45,Dificuldade média,11,16
45,Dificuldade média,9,18
45,Dificuldade média,11,16
30,Dificuldade média,9,12
30,Dificuldade média,10,11
45,Dificuldade média,13,8
90,Dificuldade média,9,10
45,Dificuldade média,13,30
150,Dificuldade média,11,15
30,Dificuldade média,12,27
45,Dificuldade média,10,15
150,Dificuldade média,13,22
90,Dificuldade média,10,20
90,Dificuldade média,10,9
90,Dificuldade média,22,17
45,Dificuldade média,19,20
480,Dificuldade média,5,14
45,Dificuldade média,9,16
45,Dificuldade média,14,29
90,Dificuldade média,13,23
45,Dificuldade média,11,17
45,Dificuldade média,14,14
45,Dificuldade média,10,14
45,Dificuldade média,6,10
45,Dificuldade média,9,15
30,Dificuldade média,11,15
45,Dificuldade média,7,11
45,Dificuldade média,13,20
45,Dificuldade média,9,11
30,Dificuldade média,7,13
45,Dificuldade média,7,16
45,Dificuldade média,15,19
45,Dificuldade média,15,19
45,Dificuldade média,9,29
90,Dificuldade média,8,20
30,Dificuldade média,11,18
1440,Dificuldade média,3,16
45,Dificuldade média,11,15
90,Dificuldade média,10,14
30,Dificuldade média,12,14
90,Dificuldade média,11,13
45,Dificuldade média,8,15
150,Dificuldade média,13,21
1440,Dificuldade média,4,23
360,Dificuldade média,14,18
90,Dificuldade média,7,18
45,Dificuldade média,9,16
90,Dificuldade média,15,23
45,Dificuldade média,10,18
30,Dificuldade média,11,14
150,Dificuldade média,13,12
90,Dificuldade média,16,22
90,Dificuldade média,12,9
90,Dificuldade média,10,15
90,Dificuldade média,11,21
15,Dificuldade média,6,11
45,Dificuldade média,9,19
45,Dificuldade média,7,15
90,Dificuldade média,14,13
45,Dificuldade média,10,15
90,Dificuldade média,14,23
180,Dificuldade média,14,14
90,Dificuldade média,16,13
90,Dificuldade média,10,14
30,Dificuldade média,10,12
90,Dificuldade média,13,16
90,Dificuldade média,11,14
90,Dificuldade média,9,15
45,Dificuldade média,10,21
90,Dificuldade média,13,19
45,Dificuldade média,12,23
150,Dificuldade média,13,15
90,Dificuldade média,11,13
45,Dificuldade média,9,13
90,Dificuldade média,20,18
180,Dificuldade média,7,12
90,Dificuldade média,11,19
90,Dificuldade média,14,13
90,Dificuldade média,8,14
90,Dificuldade média,10,12
1440,Dificuldade média,10,18
90,Dificuldade média,16,11
90,Dificuldade média,11,23
90,Dificuldade média,8,11
90,Dificuldade média,9,11
90,Dificuldade média,17,14
240,Dificuldade média,26,28
90,Dificuldade média,14,13
45,Dificuldade média,14,16
45,Dificuldade média,13,20
45,Dificuldade média,9,13
240,Dificuldade média,10,12
90,Dificuldade média,12,14
45,Dificuldade média,11,16
30,Dificuldade média,11,16
30,Dificuldade média,10,6
90,Dificuldade média,13,16
90,Dificuldade média,11,17
1440,Dificuldade média,19,19
90,Dificuldade média,12,13
1440,Dificuldade média,7,13
90,Dificuldade média,12,17
30,Dificuldade média,12,10
45,Dificuldade média,13,13
90,Dificuldade média,10,9
45,Dificuldade média,15,17
90,Dificuldade média,14,19
180,Dificuldade média,12,17
45,Dificuldade média,16,10
90,Dificuldade média,16,22
90,Dificuldade média,16,11
90,Dificuldade média,13,16
15,Dificuldade média,13,17
90,Dificuldade média,10,18
150,Dificuldade média,20,21
45,Dificuldade média,10,10
45,Dificuldade média,14,11
45,Dificuldade média,8,18
45,Dificuldade média,14,19
45,Dificuldade média,14,5
90,Dificuldade média,10,18
45,Dificuldade média,11,17
45,Dificuldade média,5,14
150,Dificuldade média,14,21
150,Dificuldade média,11,15
90,Dificuldade média,7,10
30,Dificuldade média,12,12
45,Dificuldade média,21,26
30,Dificuldade média,16,15
45,Dificuldade média,9,14
45,Dificuldade média,8,17
90,Dificuldade média,12,14
45,Dificuldade média,11,14
15,Dificuldade média,11,12
45,Dificuldade média,9,15
90,Dificuldade média,24,21
30,Dificuldade média,20,13
45,Dificuldade média,10,12
45,Dificuldade média,16,14
45,Dificuldade média,9,19
150,Dificuldade média,7,15
150,Dificuldade média,10,15
90,Dificuldade média,15,14
45,Dificuldade média,12,19
30,Dificuldade média,5,11
90,Dificuldade média,18,22
90,Dificuldade média,14,17
30,Dificuldade média,9,14
90,Dificuldade média,8,13
45,Dificuldade média,11,23
45,Dificuldade média,11,19
30,Dificuldade média,5,15
90,Dificuldade média,15,17
90,Dificuldade média,11,13
150,Dificuldade média,7,14
45,Dificuldade média,10,21
90,Dificuldade média,13,11
90,Dificuldade média,10,16
90,Dificuldade média,14,19
30,Dificuldade média,9,12
30,Dificuldade média,13,16
90,Dificuldade média,7,13
90,Dificuldade média,14,12
90,Dificuldade média,10,12
90,Dificuldade média,14,15
15,Dificuldade média,10,12
45,Dificuldade média,21,17
45,Dificuldade média,9,20
90,Dificuldade média,8,21
30,Dificuldade média,11,9
30,Dificuldade média,8,11
45,Dificuldade média,18,25
45,Dificuldade média,16,8
90,Dificuldade média,12,18
90,Dificuldade média,15,19
45,Dificuldade média,10,15
30,Dificuldade média,8,11
45,Dificuldade média,14,16
90,Dificuldade média,8,20
45,Dificuldade média,9,16
45,Dificuldade média,14,16
45,Dificuldade média,6,12
45,Dificuldade média,18,20
45,Dificuldade média,12,15
90,Dificuldade média,10,11
45,Dificuldade média,14,11
90,Dificuldade média,13,21
45,Dificuldade média,5,12
30,Dificuldade média,6,11
45,Dificuldade média,16,19
90,Dificuldade média,11,14
45,Dificuldade média,13,17
45,Dificuldade média,7,8
45,Dificuldade média,6,10
45,Dificuldade média,9,21
30,Dificuldade média,5,9
90,Dificuldade média,18,18
45,Dificuldade média,14,12
30,Dificuldade média,11,12
180,Dificuldade média,13,23
90,Dificuldade média,7,9
90,Dificuldade média,13,11
180,Dificuldade média,16,25
30,Dificuldade média,13,14
45,Dificuldade média,13,15
45,Dificuldade média,11,11
45,Dificuldade média,10,11
90,Dificuldade média,15,19
90,Dificuldade média,18,14
45,Dificuldade média,8,11
45,Dificuldade média,13,19
45,Dificuldade média,11,10
90,Dificuldade média,12,17
45,Dificuldade média,11,14
90,Dificuldade média,17,17
90,Dificuldade média,12,14
90,Dificuldade média,14,21
90,Dificuldade média,11,14
90,Dificuldade média,12,17
45,Dificuldade média,9,16
45,Dificuldade média,14,12
90,Dificuldade média,13,19
45,Dificuldade média,12,15
45,Dificuldade média,9,13
45,Dificuldade média,13,23
30,Dificuldade média,5,16
30,Dificuldade média,9,8
90,Dificuldade média,9,18
45,Dificuldade média,11,16
30,Dificuldade média,5,11
45,Dificuldade média,9,11
90,Dificuldade média,12,16
90,Dificuldade média,18,14
45,Dificuldade média,14,10
90,Dificuldade média,10,13
90,Dificuldade média,14,11
150,Dificuldade média,4,14
45,Dificuldade média,9,10
45,Dificuldade média,10,12
90,Dificuldade média,11,16
90,Dificuldade média,9,12
30,Dificuldade média,6,17
90,Dificuldade média,8,19
30,Dificuldade média,13,16
90,Dificuldade média,12,18
45,Dificuldade média,14,9
45,Dificuldade média,13,11
30,Dificuldade média,10,13
30,Dificuldade média,11,14
90,Dificuldade média,12,13
45,Dificuldade média,11,12
90,Dificuldade média,16,12
30,Dificuldade média,11,13
15,Dificuldade média,9,12
45,Dificuldade média,14,13
90,Dificuldade média,17,19
45,Dificuldade média,14,8
45,Dificuldade média,7,14
90,Dificuldade média,12,11
90,Dificuldade média,17,11
90,Dificuldade média,6,20
90,Dificuldade média,13,11
150,Dificuldade média,12,9
90,Dificuldade média,17,15
180,Dificuldade média,12,15
30,Dificuldade média,9,12
45,Dificuldade média,9,13
45,Dificuldade média,8,14
45,Dificuldade média,13,13
15,Dificuldade média,9,9
45,Dificuldade média,8,8
240,Dificuldade média,16,21
150,Dificuldade média,13,14
30,Dificuldade média,7,12
45,Dificuldade média,12,10
90,Dificuldade média,8,10
45,Dificuldade média,14,14
45,Dificuldade média,9,12
45,Dificuldade média,8,9
45,Dificuldade média,8,11
45,Dificuldade média,9,14
30,Dificuldade média,9,10
45,Dificuldade média,11,11
45,Dificuldade média,15,16
150,Dificuldade média,13,17
30,Dificuldade média,6,10
45,Dificuldade média,11,14
45,Dificuldade média,9,16
30,Dificuldade média,10,13
30,Dificuldade média,10,12
45,Dificuldade média,7,13
30,Dificuldade média,7,10
45,Dificuldade média,7,12
45,Dificuldade média,13,11
90,Dificuldade média,11,11
45,Dificuldade média,13,12
90,Dificuldade média,13,17
45,Dificuldade média,10,13
45,Dificuldade média,7,13
45,Dificuldade média,10,7
45,Dificuldade média,14,33
30,Dificuldade média,19,19
240,Dificuldade média,6,15
30,Dificuldade média,6,12
90,Dificuldade média,11,18
30,Dificuldade média,10,13
1440,Dificuldade média,7,13
90,Dificuldade média,15,14
30,Dificuldade média,12,16
30,Dificuldade média,11,16
1440,Dificuldade média,12,17
90,Dificuldade média,8,15
45,Dificuldade média,13,13
90,Dificuldade média,14,14
90,Dificuldade média,12,27
90,Dificuldade média,13,18
30,Dificuldade média,11,12
90,Dificuldade média,12,19
1440,Dificuldade média,13,18
90,Dificuldade média,13,24
180,Dificuldade média,6,15
90,Dificuldade média,15,20
90,Dificuldade média,17,15
90,Dificuldade média,14,13
45,Dificuldade média,9,13
90,Dificuldade média,22,23
30,Dificuldade média,14,12
45,Dificuldade média,5,11
90,Dificuldade média,10,14
30,Dificuldade média,13,15
150,Dificuldade média,7,16
45,Dificuldade média,8,10
150,Dificuldade média,8,12
45,Dificuldade média,13,25
90,Dificuldade média,8,16
45,Dificuldade média,7,12
45,Dificuldade média,8,10
90,Dificuldade média,9,21
240,Dificuldade média,12,15
45,Dificuldade média,12,16
30,Dificuldade média,15,12
150,Dificuldade média,14,18
45,Dificuldade média,14,12
90,Dificuldade média,17,19
150,Dificuldade média,16,29
45,Dificuldade média,12,15
45,Dificuldade média,12,13
45,Dificuldade média,12,20
45,Dificuldade média,8,16
150,Dificuldade média,12,14
90,Dificuldade média,12,22
90,Dificuldade média,14,14
240,Dificuldade média,11,16
30,Dificuldade média,12,16
45,Dificuldade média,18,17
45,Dificuldade média,11,13
15,Dificuldade média,13,16
30,Dificuldade média,9,20
45,Dificuldade média,11,14
240,Dificuldade média,5,14
45,Dificuldade média,11,14
90,Dificuldade média,11,13
30,Dificuldade média,9,18
90,Dificuldade média,20,24
30,Dificuldade média,6,17
30,Dificuldade média,14,15
30,Dificuldade média,8,9
90,Dificuldade média,15,15
90,Dificuldade média,14,20
480,Dificuldade média,19,19
90,Dificuldade média,7,22
45,Dificuldade média,14,20
30,Dificuldade média,7,13
30,Dificuldade média,15,22
150,Dificuldade média,19,24
30,Dificuldade média,12,19
30,Dificuldade média,5,15
240,Dificuldade média,13,16
90,Dificuldade média,14,16
180,Dificuldade média,11,20
240,Dificuldade média,14,17
90,Dificuldade média,11,12
90,Dificuldade média,11,18
30,Dificuldade média,14,23
90,Dificuldade média,10,12
180,Dificuldade média,8,20
90,Dificuldade média,14,15
180,Dificuldade média,8,25
150,Dificuldade média,14,25
30,Dificuldade média,25,17
45,Dificuldade média,6,15
45,Dificuldade média,16,26
90,Dificuldade média,8,13
45,Dificuldade média,13,17
150,Dificuldade média,18,20
180,Dificuldade média,14,27
150,Dificuldade média,18,22
240,Dificuldade média,11,15
90,Dificuldade média,9,15
45,Dificuldade média,13,16
30,Dificuldade média,11,14
30,Dificuldade média,9,12
45,Dificuldade média,15,15
45,Dificuldade média,8,12
90,Dificuldade média,14,15
45,Dificuldade média,15,17
45,Dificuldade média,18,24
45,Dificuldade média,9,20
30,Dificuldade média,11,14
90,Dificuldade média,10,18
90,Dificuldade média,9,10
45,Dificuldade média,14,21
90,Dificuldade média,22,27
90,Dificuldade média,10,15
30,Dificuldade média,8,12
45,Dificuldade média,9,13
90,Dificuldade média,14,23
30,Dificuldade média,9,14
45,Dificuldade média,16,14
90,Dificuldade média,13,13
90,Dificuldade média,7,16
90,Dificuldade média,21,20
45,Dificuldade média,10,11
45,Dificuldade média,8,16
15,Dificuldade média,8,10
30,Dificuldade média,9,12
90,Dificuldade média,7,10
90,Dificuldade média,12,23
90,Dificuldade média,16,20
240,Dificuldade média,9,16
240,Dificuldade média,16,19
45,Dificuldade média,12,14
45,Dificuldade média,14,17
90,Dificuldade média,9,15
45,Dificuldade média,12,11
45,Dificuldade média,16,11
240,Dificuldade média,13,17
30,Dificuldade média,3,14
45,Dificuldade média,11,15
45,Dificuldade média,18,12
45,Dificuldade média,13,11
45,Dificuldade média,14,13
45,Dificuldade média,17,16
90,Dificuldade média,19,19
90,Dificuldade média,20,17
45,Dificuldade média,20,16
45,Dificuldade média,7,13
45,Dificuldade média,18,11
90,Dificuldade média,10,14
45,Dificuldade média,12,10
30,Dificuldade média,10,8
30,Dificuldade média,10,8
90,Dificuldade média,8,13
240,Dificuldade média,8,15
90,Dificuldade média,10,13
90,Dificuldade média,13,15
90,Dificuldade média,11,13
45,Dificuldade média,13,12
45,Dificuldade média,13,11
45,Dificuldade média,10,12
90,Dificuldade média,10,11
45,Dificuldade média,10,12
90,Dificuldade média,9,11
45,Dificuldade média,7,12
90,Dificuldade média,16,16
45,Dificuldade média,13,12
90,Dificuldade média,15,15
90,Dificuldade média,14,11
240,Dificuldade média,12,12
45,Dificuldade média,13,16
90,Dificuldade média,11,18
45,Dificuldade média,9,12
45,Dificuldade média,9,12
45,Dificuldade média,13,13
30,Dificuldade média,7,9
45,Dificuldade média,12,16
240,Dificuldade média,5,9
30,Dificuldade média,12,12
45,Dificuldade média,14,14
240,Dificuldade média,13,15
90,Dificuldade média,14,13
45,Dificuldade média,15,18
45,Dificuldade média,9,18
45,Dificuldade média,16,17
45,Dificuldade média,14,9
240,Dificuldade média,10,12
45,Dificuldade média,15,12
45,Dificuldade média,11,12
30,Dificuldade média,13,16
240,Dificuldade média,20,22
90,Dificuldade média,13,19
90,Dificuldade média,19,13
90,Dificuldade média,14,9
240,Dificuldade média,11,18
90,Dificuldade média,16,14
240,Dificuldade média,7,16
90,Dificuldade média,15,17
30,Dificuldade média,12,11
90,Dificuldade média,14,13
30,Dificuldade média,9,14
45,Dificuldade média,9,14
90,Dificuldade média,4,13
45,Dificuldade média,12,18
45,Dificuldade média,14,13
45,Dificuldade média,13,12
45,Dificuldade média,13,17
90,Dificuldade média,13,18
45,Dificuldade média,12,12
90,Dificuldade média,14,18
45,Dificuldade média,8,18
45,Dificuldade média,19,13
240,Dificuldade média,4,11
240,Dificuldade média,9,14
90,Dificuldade média,13,9
45,Dificuldade média,6,11
240,Dificuldade média,5,17
45,Dificuldade média,14,15
90,Dificuldade média,14,10
45,Dificuldade média,11,13
45,Dificuldade média,19,17
240,Dificuldade média,6,18
45,Dificuldade média,10,16
45,Dificuldade média,13,33
90,Dificuldade média,8,19
240,Dificuldade média,9,16
45,Dificuldade média,11,18
30,Dificuldade média,18,21
240,Dificuldade média,8,13
45,Dificuldade média,15,12
240,Dificuldade média,12,15
45,Dificuldade média,10,12
240,Dificuldade média,10,17
240,Dificuldade média,15,29
90,Dificuldade média,18,25
30,Dificuldade média,9,13
45,Dificuldade média,14,14
240,Dificuldade média,10,16
30,Dificuldade média,15,11
90,Dificuldade média,7,19
45,Dificuldade média,13,13
240,Dificuldade média,18,18
240,Dificuldade média,14,16
30,Dificuldade média,6,14
240,Dificuldade média,15,19
45,Dificuldade média,9,10
45,Dificuldade média,13,15
240,Dificuldade média,9,13
30,Dificuldade média,10,12
240,Dificuldade média,19,24
90,Dificuldade média,12,24
30,Dificuldade média,11,11
45,Dificuldade média,15,12
45,Dificuldade média,9,14
45,Dificuldade média,12,14
30,Dificuldade média,15,15
90,Dificuldade média,22,20
240,Dificuldade média,11,15
240,Dificuldade média,8,14
45,Dificuldade média,13,16
30,Dificuldade média,11,14
30,Dificuldade média,6,11
30,Dificuldade média,9,12
30,Dificuldade média,10,14
90,Dificuldade média,12,18
90,Dificuldade média,7,13
90,Dificuldade média,12,13
45,Dificuldade média,17,16
240,Dificuldade média,15,19
45,Dificuldade média,18,16
240,Dificuldade média,8,12
45,Dificuldade média,9,11
240,Dificuldade média,12,9
90,Dificuldade média,11,18
30,Dificuldade média,10,12
30,Dificuldade média,9,14
45,Dificuldade média,18,21
45,Dificuldade média,10,13
45,Dificuldade média,14,14
45,Dificuldade média,11,16
240,Dificuldade média,14,13
45,Dificuldade média,13,17
45,Dificuldade média,14,17
45,Dificuldade média,10,10
90,Dificuldade média,13,20
90,Dificuldade média,12,17
45,Dificuldade média,9,24
45,Dificuldade média,9,17
45,Dificuldade média,21,26
45,Dificuldade média,9,10
45,Dificuldade média,14,14
30,Dificuldade média,8,13
45,Dificuldade média,15,17
30,Dificuldade média,10,18
90,Dificuldade média,16,17
90,Dificuldade média,16,14
30,Dificuldade média,12,9
45,Dificuldade média,12,17
45,Dificuldade média,11,14
90,Dificuldade média,9,13
45,Dificuldade média,11,13
45,Dificuldade média,11,14
45,Dificuldade média,12,9
30,Dificuldade média,6,16
30,Dificuldade média,7,15
30,Dificuldade média,9,11
45,Dificuldade média,13,21
30,Dificuldade média,10,11
240,Dificuldade média,8,10
45,Dificuldade média,10,14
90,Dificuldade média,14,10
45,Dificuldade média,11,12
45,Dificuldade média,12,15
45,Dificuldade média,14,18
45,Dificuldade média,14,17
45,Dificuldade média,8,13
45,Dificuldade média,16,15
90,Dificuldade média,18,17
240,Dificuldade média,14,14
90,Dificuldade média,11,16
240,Dificuldade média,15,16
90,Dificuldade média,16,18
240,Dificuldade média,6,15
45,Dificuldade média,11,11
45,Dificuldade média,6,16
30,Dificuldade média,10,12
45,Dificuldade média,22,16
45,Dificuldade média,10,16
45,Dificuldade média,14,19
240,Dificuldade média,12,14
240,Dificuldade média,12,15
45,Dificuldade média,10,15
45,Dificuldade média,7,11
240,Dificuldade média,12,20
90,Dificuldade média,16,14
45,Dificuldade média,9,14
45,Dificuldade média,14,7
30,Dificuldade média,5,13
90,Dificuldade média,15,17
45,Dificuldade média,13,13
90,Dificuldade média,14,18
45,Dificuldade média,11,13
90,Dificuldade média,20,18
240,Dificuldade média,7,16
150,Dificuldade média,17,17
90,Dificuldade média,10,12
30,Dificuldade média,8,11
240,Dificuldade média,11,10
90,Dificuldade média,14,20
45,Dificuldade média,14,14
45,Dificuldade média,14,15
240,Dificuldade média,13,12
360,Dificuldade média,19,14
90,Dificuldade média,11,13
45,Dificuldade média,19,18
90,Dificuldade média,18,16
90,Dificuldade média,14,21
45,Dificuldade média,8,19
45,Dificuldade média,16,25
45,Dificuldade média,12,14
45,Dificuldade média,22,19
30,Dificuldade média,10,20
30,Dificuldade média,16,12
45,Dificuldade média,11,20
240,Dificuldade média,17,17
45,Dificuldade média,9,14
45,Dificuldade média,11,17
45,Dificuldade média,9,20
45,Dificuldade média,10,17
45,Dificuldade média,13,14
45,Dificuldade média,19,21
90,Dificuldade média,9,14
90,Dificuldade média,18,12
45,Dificuldade média,14,14
90,Dificuldade média,14,18
45,Dificuldade média,10,13
45,Dificuldade média,20,30
240,Dificuldade média,14,16
90,Dificuldade média,28,18
90,Dificuldade média,17,15
45,Dificuldade média,15,13
45,Dificuldade média,7,11
15,Dificuldade média,9,17
240,Dificuldade média,17,18
90,Dificuldade média,21,13
90,Dificuldade média,11,21
90,Dificuldade média,19,22
90,Dificuldade média,14,14
240,Dificuldade média,9,11
45,Dificuldade média,12,12
45,Dificuldade média,11,12
45,Dificuldade média,16,19
90,Dificuldade média,12,15
45,Dificuldade média,14,16
45,Dificuldade média,13,13
240,Dificuldade média,11,16
240,Dificuldade média,7,12
45,Dificuldade média,13,13
45,Dificuldade média,12,14
45,Dificuldade média,9,15
45,Dificuldade média,8,15
45,Dificuldade média,11,16
90,Dificuldade média,13,19
45,Dificuldade média,23,23
45,Dificuldade média,23,16
30,Dificuldade média,18,17
30,Dificuldade média,9,11
90,Dificuldade média,17,25
45,Dificuldade média,23,16
30,Dificuldade média,7,11
240,Dificuldade média,13,20
30,Dificuldade média,7,18
30,Dificuldade média,4,34
45,Dificuldade média,13,17
45,Dificuldade média,17,15
90,Dificuldade média,15,15
45,Dificuldade média,9,17
45,Dificuldade média,19,16
45,Dificuldade média,22,12
45,Dificuldade média,7,19
90,Dificuldade média,13,17
240,Dificuldade média,6,15
30,Dificuldade média,8,13
90,Dificuldade média,5,21
45,Dificuldade média,11,13
45,Dificuldade média,12,17
45,Dificuldade média,11,17
30,Dificuldade média,4,10
45,Dificuldade média,18,19
45,Dificuldade média,12,14
45,Dificuldade média,14,16
45,Dificuldade média,12,10
90,Dificuldade média,5,10
90,Dificuldade média,10,10
15,Dificuldade média,6,12
90,Dificuldade média,11,18
30,Dificuldade média,7,13
30,Dificuldade média,8,14
240,Dificuldade média,10,15
45,Dificuldade média,12,15
30,Dificuldade média,8,11
45,Dificuldade média,16,15
30,Dificuldade média,6,16
45,Dificuldade média,14,14
30,Dificuldade média,12,14
30,Dificuldade média,5,11
150,Dificuldade média,11,26
45,Dificuldade média,11,12
30,Dificuldade média,13,12
240,Dificuldade média,8,10
150,Dificuldade média,11,13
45,Dificuldade média,23,14
45,Dificuldade média,11,11
45,Dificuldade média,11,10
45,Dificuldade média,14,16
45,Dificuldade média,10,13
240,Dificuldade média,6,13
240,Dificuldade média,5,11
45,Dificuldade média,4,10
30,Dificuldade média,11,11
45,Dificuldade média,4,11
45,Dificuldade média,11,17
45,Dificuldade média,10,13
45,Dificuldade média,10,11
30,Dificuldade média,12,19
45,Dificuldade média,12,15
90,Dificuldade média,11,13
240,Dificuldade média,7,21
90,Dificuldade média,12,17
90,Dificuldade média,11,14
45,Dificuldade média,11,17
45,Dificuldade média,12,14
240,Dificuldade média,5,13
240,Dificuldade média,8,17
45,Dificuldade média,9,13
45,Dificuldade média,13,16
90,Dificuldade média,10,13
240,Dificuldade média,12,17
45,Dificuldade média,12,13
45,Dificuldade média,18,17
240,Dificuldade média,13,11
45,Dificuldade média,14,9
45,Dificuldade média,14,18
90,Dificuldade média,10,10
90,Dificuldade média,15,17
240,Dificuldade média,17,13
45,Dificuldade média,9,8
90,Dificuldade média,14,16
45,Dificuldade média,19,18
30,Dificuldade média,13,15
45,Dificuldade média,9,15
240,Dificuldade média,7,12
45,Dificuldade média,15,7
45,Dificuldade média,10,10
45,Dificuldade média,9,12
30,Dificuldade média,13,14
90,Dificuldade média,11,13
30,Dificuldade média,6,10
90,Dificuldade média,11,19
90,Dificuldade média,12,19
45,Dificuldade média,9,19
90,Dificuldade média,12,15
30,Dificuldade média,13,18
90,Dificuldade média,11,26
90,Dificuldade média,11,25
45,Dificuldade média,9,15
90,Dificuldade média,12,12
30,Dificuldade média,10,16
45,Dificuldade média,5,13
45,Dificuldade média,19,14
45,Dificuldade média,12,12
45,Dificuldade média,13,16
90,Dificuldade média,10,16
45,Dificuldade média,9,16
240,Dificuldade média,3,10
90,Dificuldade média,18,21
45,Dificuldade média,15,7
30,Dificuldade média,8,15
30,Dificuldade média,10,13
45,Dificuldade média,5,14
90,Dificuldade média,4,18
45,Dificuldade média,14,18
90,Dificuldade média,14,13
45,Dificuldade média,10,11
90,Dificuldade média,16,13
30,Dificuldade média,13,12
90,Dificuldade média,11,14
30,Dificuldade média,8,15
45,Dificuldade média,9,12
45,Dificuldade média,11,13
90,Dificuldade média,10,12
15,Dificuldade média,3,15
45,Dificuldade média,12,12
30,Dificuldade média,10,9
45,Dificuldade média,9,13
45,Dificuldade média,11,13
30,Dificuldade média,11,14
90,Dificuldade média,4,14
45,Dificuldade média,6,10
180,Dificuldade média,13,21
30,Dificuldade média,7,11
90,Dificuldade média,14,23
45,Dificuldade média,10,10
90,Dificuldade média,13,21
30,Dificuldade média,12,13
240,Dificuldade média,6,11
30,Dificuldade média,14,18
90,Dificuldade média,14,14
45,Dificuldade média,12,13
45,Dificuldade média,17,12
45,Dificuldade média,16,9
90,Dificuldade média,6,13
45,Dificuldade média,7,15
45,Dificuldade média,15,13
45,Dificuldade média,9,12
45,Dificuldade média,6,19
45,Dificuldade média,8,12
30,Dificuldade média,4,15
90,Dificuldade média,17,19
45,Dificuldade média,15,17
90,Dificuldade média,13,15
45,Dificuldade média,12,18
45,Dificuldade média,10,16
240,Dificuldade média,11,14
45,Dificuldade média,8,14
240,Dificuldade média,6,13
90,Dificuldade média,14,15
45,Dificuldade média,9,14
90,Dificuldade média,11,15
45,Dificuldade média,9,12
45,Dificuldade média,12,14
45,Dificuldade média,9,13
30,Dificuldade média,12,14
30,Dificuldade média,8,22
30,Dificuldade média,5,21
240,Dificuldade média,21,14
45,Dificuldade média,11,14
45,Dificuldade média,13,15
45,Dificuldade média,13,15
30,Dificuldade média,9,12
45,Dificuldade média,12,14
30,Dificuldade média,12,15
45,Dificuldade média,11,14
240,Dificuldade média,5,12
45,Dificuldade média,7,13
45,Dificuldade média,10,10
90,Dificuldade média,10,13
240,Dificuldade média,5,11
45,Dificuldade média,11,16
30,Dificuldade média,12,16
45,Dificuldade média,11,14
45,Dificuldade média,12,11
45,Dificuldade média,11,14
45,Dificuldade média,11,11
90,Dificuldade média,7,17
45,Dificuldade média,11,17
45,Dificuldade média,16,17
45,Dificuldade média,15,16
45,Dificuldade média,11,13
30,Dificuldade média,10,12
45,Dificuldade média,12,16
45,Dificuldade média,11,13
30,Dificuldade média,13,14
45,Dificuldade média,14,16
45,Dificuldade média,12,14
45,Dificuldade média,11,11
90,Dificuldade média,11,14
90,Dificuldade média,15,20
45,Dificuldade média,8,12
45,Dificuldade média,9,16
45,Dificuldade média,10,13
45,Dificuldade média,14,13
45,Dificuldade média,14,16
90,Dificuldade média,11,11
45,Dificuldade média,12,15
30,Dificuldade média,8,8
45,Dificuldade média,8,17
45,Dificuldade média,13,17
240,Dificuldade média,3,27
45,Dificuldade média,10,18
30,Dificuldade média,9,9
45,Dificuldade média,10,17
45,Dificuldade média,12,14
45,Dificuldade média,14,10
45,Dificuldade média,13,16
45,Dificuldade média,10,15
45,Dificuldade média,14,16
45,Dificuldade média,10,14
45,Dificuldade média,13,12
45,Dificuldade média,13,15
45,Dificuldade média,15,15
45,Dificuldade média,15,13
30,Dificuldade média,13,12
45,Dificuldade média,9,17
90,Dificuldade média,12,16
45,Dificuldade média,9,17
45,Dificuldade média,22,14
30,Dificuldade média,11,14
30,Dificuldade média,8,15
30,Dificuldade média,8,14
90,Dificuldade média,9,12
45,Dificuldade média,11,17
30,Dificuldade média,11,13
45,Dificuldade média,8,11
90,Dificuldade média,18,19
30,Dificuldade média,8,13
45,Dificuldade média,8,13
30,Dificuldade média,11,12
45,Dificuldade média,4,10
45,Dificuldade média,15,17
45,Dificuldade média,12,21
45,Dificuldade média,7,12
45,Dificuldade média,6,10
45,Dificuldade média,10,12
45,Dificuldade média,9,14
45,Dificuldade média,9,20
45,Dificuldade média,9,10
90,Dificuldade média,13,18
30,Dificuldade média,11,10
90,Dificuldade média,13,18
45,Dificuldade média,13,12
45,Dificuldade média,11,13
45,Dificuldade média,8,13
45,Dificuldade média,9,12
45,Dificuldade média,11,11
30,Dificuldade média,10,12
30,Dificuldade média,11,13
45,Dificuldade média,9,14
90,Dificuldade média,14,12
30,Dificuldade média,10,14
45,Dificuldade média,14,21
30,Dificuldade média,15,12
45,Dificuldade média,7,10
45,Dificuldade média,13,19
45,Dificuldade média,12,12
30,Dificuldade média,13,16
30,Dificuldade média,11,13
90,Dificuldade média,8,15
45,Dificuldade média,7,14
30,Dificuldade média,10,12
30,Dificuldade média,5,16
30,Dificuldade média,10,14
45,Dificuldade média,6,9
45,Dificuldade média,8,13
45,Dificuldade média,14,14
45,Dificuldade média,16,12
30,Dificuldade média,5,14
30,Dificuldade média,13,18
45,Dificuldade média,10,13
45,Dificuldade média,11,10
45,Dificuldade média,12,12
45,Dificuldade média,9,11
45,Dificuldade média,9,16
30,Dificuldade média,11,13
30,Dificuldade média,7,11
45,Dificuldade média,12,13
45,Dificuldade média,13,15
45,Dificuldade média,15,14
45,Dificuldade média,9,12
90,Dificuldade média,15,20
90,Dificuldade média,16,13
240,Dificuldade média,7,16
30,Dificuldade média,9,15
90,Dificuldade média,8,16
90,Dificuldade média,14,13
90,Dificuldade média,6,17
90,Dificuldade média,19,14
45,Dificuldade média,13,13
45,Dificuldade média,12,12
45,Dificuldade média,17,10
90,Dificuldade média,10,14
45,Dificuldade média,16,15
45,Dificuldade média,20,16
45,Dificuldade média,21,18
90,Dificuldade média,10,25
45,Dificuldade média,9,13
90,Dificuldade média,10,17
45,Dificuldade média,12,14
45,Dificuldade média,4,10
45,Dificuldade média,13,17
90,Dificuldade média,7,13
30,Dificuldade média,9,12
45,Dificuldade média,10,10
45,Dificuldade média,12,12
30,Dificuldade média,9,9
15,Dificuldade média,8,9
30,Dificuldade média,10,12
45,Dificuldade média,19,18
45,Dificuldade média,6,9
45,Dificuldade média,9,13
45,Dificuldade média,11,14
45,Dificuldade média,10,14
45,Dificuldade média,11,12
15,Dificuldade média,6,15
15,Dificuldade média,8,8
45,Dificuldade média,10,13
45,Dificuldade média,9,12
45,Dificuldade média,9,13
30,Dificuldade média,4,8
45,Dificuldade média,8,12
45,Dificuldade média,10,11
45,Dificuldade média,12,12
45,Dificuldade média,13,15
45,Dificuldade média,12,12
45,Dificuldade média,18,11
45,Dificuldade média,6,9
30,Dificuldade média,5,13
45,Dificuldade média,11,11
30,Dificuldade média,8,12
45,Dificuldade média,16,14
45,Dificuldade média,16,25
30,Dificuldade média,6,9
45,Dificuldade média,9,13
45,Dificuldade média,12,15
30,Dificuldade média,9,11
45,Dificuldade média,13,19
45,Dificuldade média,15,17
45,Dificuldade média,11,12
45,Dificuldade média,9,11
45,Dificuldade média,12,14
45,Dificuldade média,12,12
45,Dificuldade média,15,19
30,Dificuldade média,9,12
45,Dificuldade média,9,15
45,Dificuldade média,8,10
30,Dificuldade média,8,9
30,Dificuldade média,11,14
45,Dificuldade média,10,14
30,Dificuldade média,9,12
30,Dificuldade média,8,15
45,Dificuldade média,10,10
90,Dificuldade média,14,15
45,Dificuldade média,11,15
45,Dificuldade média,21,16
30,Dificuldade média,11,16
30,Dificuldade média,17,14
30,Dificuldade média,9,10
45,Dificuldade média,9,10
30,Dificuldade média,8,7
45,Dificuldade média,18,17
90,Dificuldade média,10,19
45,Dificuldade média,11,13
45,Dificuldade média,10,14
90,Dificuldade média,10,13
30,Dificuldade média,10,8
30,Dificuldade média,8,15
45,Dificuldade média,14,14
45,Dificuldade média,11,13
45,Dificuldade média,8,14
90,Dificuldade média,16,14
45,Dificuldade média,9,14
45,Dificuldade média,12,13
45,Dificuldade média,14,18
30,Dificuldade média,13,9
30,Dificuldade média,9,10
45,Dificuldade média,7,10
45,Dificuldade média,12,11
45,Dificuldade média,12,9
90,Dificuldade média,8,10
45,Dificuldade média,11,10
30,Dificuldade média,9,12
45,Dificuldade média,17,17
45,Dificuldade média,9,17
30,Dificuldade média,12,15
45,Dificuldade média,10,16
30,Dificuldade média,13,17
45,Dificuldade média,12,10
30,Dificuldade média,11,12
45,Dificuldade média,9,13
30,Dificuldade média,9,13
45,Dificuldade média,13,13
90,Dificuldade média,9,14
45,Dificuldade média,11,25
45,Dificuldade média,13,18
45,Dificuldade média,10,16
45,Dificuldade média,10,15
90,Dificuldade média,11,11
45,Dificuldade média,9,11
45,Dificuldade média,8,12
45,Dificuldade média,11,20
90,Dificuldade média,13,15
45,Dificuldade média,18,15
45,Dificuldade média,7,13
90,Dificuldade média,12,13
45,Dificuldade média,11,12
45,Dificuldade média,5,16
45,Dificuldade média,11,16
30,Dificuldade média,15,12
30,Dificuldade média,9,13
45,Dificuldade média,20,10
90,Dificuldade média,18,25
45,Dificuldade média,10,9
90,Dificuldade média,12,11
45,Dificuldade média,13,14
30,Dificuldade média,14,15
30,Dificuldade média,12,12
30,Dificuldade média,9,13
30,Dificuldade média,9,16
1440,Dificuldade média,10,17
30,Dificuldade média,10,12
45,Dificuldade média,10,15
45,Dificuldade média,16,15
45,Dificuldade média,11,16
45,Dificuldade média,9,15
30,Dificuldade média,7,14
90,Dificuldade média,10,12
30,Dificuldade média,5,9
30,Dificuldade média,11,10
30,Dificuldade média,9,12
30,Dificuldade média,10,12
30,Dificuldade média,9,11
45,Dificuldade média,14,15
45,Dificuldade média,16,18
30,Dificuldade média,11,14
45,Dificuldade média,10,12
30,Dificuldade média,12,13
30,Dificuldade média,13,12
45,Dificuldade média,19,21
45,Dificuldade média,9,13
45,Dificuldade média,16,18
45,Dificuldade média,13,17
30,Dificuldade média,11,12
45,Dificuldade média,15,14
30,Dificuldade média,8,14
45,Dificuldade média,17,16
45,Dificuldade média,14,15
30,Dificuldade média,6,13
30,Dificuldade média,13,13
30,Dificuldade média,13,11
30,Dificuldade média,12,10
45,Dificuldade média,13,11
45,Dificuldade média,9,13
45,Dificuldade média,20,19
30,Dificuldade média,10,11
45,Dificuldade média,13,11
30,Dificuldade média,10,8
45,Dificuldade média,14,11
45,Dificuldade média,10,8
30,Dificuldade média,11,14
30,Dificuldade média,8,11
45,Dificuldade média,12,13
45,Dificuldade média,9,9
45,Dificuldade média,22,18
150,Dificuldade média,10,21
150,Dificuldade média,14,22
90,Dificuldade média,7,18
1440,Dificuldade média,14,18
30,Dificuldade média,13,25
45,Dificuldade média,15,14
45,Dificuldade média,15,17
30,Dificuldade média,20,15
90,Dificuldade média,17,27
150,Dificuldade média,21,17
30,Dificuldade média,9,15
45,Dificuldade média,9,13
30,Dificuldade média,9,11
45,Dificuldade média,17,21
150,Dificuldade média,15,23
90,Dificuldade média,8,13
90,Dificuldade média,20,18
45,Dificuldade média,15,15
90,Dificuldade média,15,16
30,Dificuldade média,7,15
45,Dificuldade média,5,25
45,Dificuldade média,13,14
45,Dificuldade média,13,13
45,Dificuldade média,4,9
150,Dificuldade média,15,21
45,Dificuldade média,16,15
15,Dificuldade média,14,13
45,Dificuldade média,9,9
30,Dificuldade média,11,15
30,Dificuldade média,11,14
240,Dificuldade média,8,14
45,Dificuldade média,18,13
90,Dificuldade média,14,13
45,Dificuldade média,21,16
90,Dificuldade média,16,24
90,Dificuldade média,9,9
90,Dificuldade média,22,20
45,Dificuldade média,18,20
90,Dificuldade média,16,15
45,Dificuldade média,11,15
90,Dificuldade média,9,18
150,Dificuldade média,19,18
90,Dificuldade média,6,14
1440,Dificuldade média,6,16
90,Dificuldade média,12,24
1440,Dificuldade média,15,16
45,Dificuldade média,13,16
150,Dificuldade média,14,11
90,Dificuldade média,19,15
180,Dificuldade média,13,13
240,Dificuldade média,4,18